Time,Driver,DriverNumber,LapTime,LapNumber,Stint,PitOutTime,PitInTime,Sector1Time,Sector2Time,Sector3Time,Sector1SessionTime,Sector2SessionTime,Sector3SessionTime,SpeedI1,SpeedI2,SpeedFL,SpeedST,IsPersonalBest,Compound,TyreLife,FreshTyre,Team,LapStartTime,LapStartDate,TrackStatus,Position,Deleted,DeletedReason,FastF1Generated,IsAccurate
0 days 00:19:26.721000,HAM,44,,1.0,1.0,0 days 00:17:06.733000,,,0 days 00:00:47.002000,0 days 00:00:40.109000,,0 days 00:18:46.674000,0 days 00:19:26.937000,161.0,265.0,164.0,213.0,False,SOFT,1.0,True,Mercedes,0 days 00:17:06.733000,2020-09-26 12:02:06.782,1,,False,,False,False
0 days 00:21:00.986000,HAM,44,0 days 00:01:34.265000,2.0,1.0,,,0 days 00:00:34.713000,0 days 00:00:32.369000,0 days 00:00:27.183000,0 days 00:20:01.434000,0 days 00:20:33.803000,0 days 00:21:00.986000,278.0,320.0,159.0,331.0,False,SOFT,2.0,True,Mercedes,0 days 00:19:26.721000,2020-09-26 12:04:26.770,1,,True,TRACK LIMITS AT TURN 2,False,True
0 days 00:23:30.976000,HAM,44,,3.0,1.0,,,0 days 00:01:00.812000,0 days 00:00:48.253000,0 days 00:00:40.953000,0 days 00:22:01.775000,0 days 00:22:50.154000,0 days 00:23:31.212000,174.0,203.0,171.0,206.0,False,SOFT,3.0,True,Mercedes,0 days 00:21:00.986000,2020-09-26 12:06:01.035,1,,False,,False,False
0 days 00:25:03.959000,HAM,44,0 days 00:01:32.983000,4.0,1.0,,,0 days 00:00:33.747000,0 days 00:00:32.019000,0 days 00:00:27.217000,0 days 00:24:04.723000,0 days 00:24:36.742000,0 days 00:25:03.959000,280.0,319.0,164.0,331.0,True,SOFT,4.0,True,Mercedes,0 days 00:23:30.976000,2020-09-26 12:08:31.025,1,,False,,False,True
0 days 00:26:56.781000,HAM,44,0 days 00:01:52.822000,5.0,1.0,,0 days 00:26:48.602000,0 days 00:00:38.402000,0 days 00:00:37.825000,0 days 00:00:36.595000,0 days 00:25:42.361000,0 days 00:26:20.186000,0 days 00:26:56.781000,221.0,267.0,,255.0,False,SOFT,5.0,True,Mercedes,0 days 00:25:03.959000,2020-09-26 12:10:04.008,1,,False,,False,False
0 days 00:42:22.911000,HAM,44,,6.0,2.0,0 days 00:40:11.892000,,,0 days 00:00:40.799000,0 days 00:00:39.677000,,0 days 00:41:43.251000,0 days 00:42:22.929000,178.0,274.0,174.0,207.0,False,MEDIUM,1.0,True,Mercedes,0 days 00:26:56.781000,2020-09-26 12:11:56.830,1,,False,,False,False
0 days 00:43:54.996000,HAM,44,0 days 00:01:32.085000,7.0,2.0,,,0 days 00:00:33.484000,0 days 00:00:31.704000,0 days 00:00:26.897000,0 days 00:42:56.395000,0 days 00:43:28.099000,0 days 00:43:54.996000,281.0,322.0,143.0,333.0,False,MEDIUM,2.0,True,Mercedes,0 days 00:42:22.911000,2020-09-26 12:27:22.960,1,,True,TRACK LIMITS AT TURN 18,False,True
0 days 00:45:58.222000,HAM,44,0 days 00:02:03.226000,8.0,2.0,,0 days 00:45:50.011000,0 days 00:00:41.072000,0 days 00:00:44.653000,0 days 00:00:37.501000,0 days 00:44:36.068000,0 days 00:45:20.721000,0 days 00:45:58.222000,141.0,268.0,,271.0,False,MEDIUM,3.0,True,Mercedes,0 days 00:43:54.996000,2020-09-26 12:28:55.045,1,,False,,False,False
0 days 00:51:21.364000,HAM,44,,9.0,3.0,0 days 00:49:06.787000,,,0 days 00:00:48.631000,0 days 00:00:36.894000,,0 days 00:50:44.483000,0 days 00:51:21.364000,188.0,290.0,173.0,234.0,False,MEDIUM,1.0,True,Mercedes,0 days 00:45:58.222000,2020-09-26 12:30:58.271,1,,False,,False,False
0 days 01:03:15.313000,HAM,44,,10.0,3.0,,0 days 00:55:32.753000,0 days 00:00:33.498000,0 days 00:00:31.599000,,0 days 00:51:54.881000,0 days 00:52:26.554000,,280.0,324.0,,333.0,False,MEDIUM,2.0,True,Mercedes,0 days 00:51:21.364000,2020-09-26 12:36:21.413,125,,False,,False,False
0 days 01:05:14.063000,HAM,44,,11.0,4.0,0 days 01:03:15.191000,,,0 days 00:00:36.261000,0 days 00:00:34.421000,,0 days 01:04:39.701000,0 days 01:05:14.166000,201.0,301.0,152.0,217.0,False,SOFT,1.0,True,Mercedes,0 days 01:03:15.191000,2020-09-26 12:48:15.240,1,,False,,False,False
0 days 01:06:46.898000,HAM,44,0 days 00:01:32.835000,12.0,4.0,,,0 days 00:00:33.818000,0 days 00:00:31.866000,0 days 00:00:27.151000,0 days 01:05:47.881000,0 days 01:06:19.747000,0 days 01:06:46.898000,280.0,330.0,164.0,338.0,True,SOFT,2.0,True,Mercedes,0 days 01:05:14.063000,2020-09-26 12:50:14.112,1,,False,,False,True
0 days 01:08:52.780000,HAM,44,0 days 00:02:05.882000,13.0,4.0,,0 days 01:08:44.232000,0 days 00:00:43.353000,0 days 00:00:41.458000,0 days 00:00:41.071000,0 days 01:07:30.251000,0 days 01:08:11.709000,0 days 01:08:52.780000,208.0,203.0,,200.0,False,SOFT,3.0,True,Mercedes,0 days 01:06:46.898000,2020-09-26 12:51:46.947,1,,False,,False,False
0 days 01:16:51.970000,HAM,44,,14.0,5.0,0 days 01:14:24.797000,,,0 days 00:00:46.745000,0 days 00:00:51.688000,,0 days 01:16:00.307000,0 days 01:16:51.986000,172.0,292.0,173.0,200.0,False,SOFT,1.0,True,Mercedes,0 days 01:08:52.780000,2020-09-26 12:53:52.829,1,,False,,False,False
0 days 01:18:23.361000,HAM,44,0 days 00:01:31.391000,15.0,5.0,,,0 days 00:00:33.432000,0 days 00:00:31.330000,0 days 00:00:26.629000,0 days 01:17:25.402000,0 days 01:17:56.732000,0 days 01:18:23.361000,280.0,324.0,162.0,330.0,True,SOFT,2.0,True,Mercedes,0 days 01:16:51.970000,2020-09-26 13:01:52.019,1,,False,,False,True
0 days 01:20:12.431000,HAM,44,0 days 00:01:49.070000,16.0,5.0,,0 days 01:20:04.341000,0 days 00:00:37.384000,0 days 00:00:35.624000,0 days 00:00:36.062000,0 days 01:19:00.745000,0 days 01:19:36.369000,0 days 01:20:12.431000,223.0,283.0,,282.0,False,SOFT,3.0,True,Mercedes,0 days 01:18:23.361000,2020-09-26 13:03:23.410,1,,False,,False,False
0 days 01:24:08.686000,HAM,44,,17.0,6.0,0 days 01:21:53.526000,,,0 days 00:00:44.441000,0 days 00:00:42.413000,,0 days 01:23:26.285000,0 days 01:24:08.686000,187.0,247.0,169.0,223.0,False,SOFT,1.0,True,Mercedes,0 days 01:20:12.431000,2020-09-26 13:05:12.480,1,,False,,False,False
0 days 01:25:39.990000,HAM,44,0 days 00:01:31.304000,18.0,6.0,,,0 days 00:00:33.361000,0 days 00:00:31.399000,0 days 00:00:26.544000,0 days 01:24:42.047000,0 days 01:25:13.446000,0 days 01:25:39.990000,281.0,324.0,167.0,332.0,True,SOFT,2.0,True,Mercedes,0 days 01:24:08.686000,2020-09-26 13:09:08.735,1,,False,,False,True
0 days 01:27:41.438000,HAM,44,,19.0,6.0,,0 days 01:27:41.438000,0 days 00:00:48.141000,0 days 00:00:43.312000,,0 days 01:26:28.268000,0 days 01:27:11.456000,,174.0,215.0,,217.0,False,SOFT,3.0,True,Mercedes,0 days 01:25:39.990000,2020-09-26 13:10:40.039,1,,False,,False,False
0 days 00:20:12.833000,VER,33,,1.0,1.0,0 days 00:18:02.564000,,,0 days 00:00:46.243000,0 days 00:00:38.337000,,0 days 00:19:34.506000,0 days 00:20:13.089000,196.0,197.0,177.0,234.0,False,SOFT,1.0,True,Red Bull Racing,0 days 00:18:02.564000,2020-09-26 12:03:02.613,1,,False,,False,False
0 days 00:21:47.449000,VER,33,0 days 00:01:34.616000,2.0,1.0,,,0 days 00:00:34.671000,0 days 00:00:32.503000,0 days 00:00:27.442000,0 days 00:20:47.504000,0 days 00:21:20.007000,0 days 00:21:47.449000,275.0,313.0,166.0,324.0,True,SOFT,2.0,True,Red Bull Racing,0 days 00:20:12.833000,2020-09-26 12:05:12.882,1,,False,,False,True
0 days 00:24:19.917000,VER,33,,3.0,1.0,,,0 days 00:01:02.330000,0 days 00:00:54.859000,0 days 00:00:35.311000,0 days 00:22:49.842000,0 days 00:23:44.612000,0 days 00:24:20.149000,141.0,243.0,175.0,171.0,False,SOFT,3.0,True,Red Bull Racing,0 days 00:21:47.449000,2020-09-26 12:06:47.498,1,,False,,False,False
0 days 00:25:53.896000,VER,33,0 days 00:01:33.979000,4.0,1.0,,,0 days 00:00:34.245000,0 days 00:00:32.590000,0 days 00:00:27.144000,0 days 00:24:54.162000,0 days 00:25:26.752000,0 days 00:25:53.896000,276.0,312.0,170.0,321.0,True,SOFT,4.0,True,Red Bull Racing,0 days 00:24:19.917000,2020-09-26 12:09:19.966,1,,False,,False,True
0 days 00:27:44.049000,VER,33,0 days 00:01:50.153000,5.0,1.0,,0 days 00:27:36.088000,0 days 00:00:38.312000,0 days 00:00:36.554000,0 days 00:00:35.287000,0 days 00:26:32.208000,0 days 00:27:08.762000,0 days 00:27:44.049000,212.0,257.0,,245.0,False,SOFT,5.0,True,Red Bull Racing,0 days 00:25:53.896000,2020-09-26 12:10:53.945,1,,False,,False,False
0 days 00:32:16.172000,VER,33,,6.0,2.0,0 days 00:29:50.833000,,,0 days 00:00:39.637000,0 days 00:01:04.948000,,0 days 00:31:11.347000,0 days 00:32:16.424000,239.0,264.0,170.0,241.0,False,MEDIUM,1.0,True,Red Bull Racing,0 days 00:27:44.049000,2020-09-26 12:12:44.098,1,,False,,False,False
0 days 00:33:49.802000,VER,33,0 days 00:01:33.630000,7.0,2.0,,,0 days 00:00:34.078000,0 days 00:00:32.464000,0 days 00:00:27.088000,0 days 00:32:50.250000,0 days 00:33:22.714000,0 days 00:33:49.802000,276.0,317.0,167.0,325.0,True,MEDIUM,2.0,True,Red Bull Racing,0 days 00:32:16.172000,2020-09-26 12:17:16.221,1,,False,,False,True
0 days 00:35:45.872000,VER,33,0 days 00:01:56.070000,8.0,2.0,,0 days 00:35:37.910000,0 days 00:00:40.675000,0 days 00:00:38.014000,0 days 00:00:37.381000,0 days 00:34:30.477000,0 days 00:35:08.491000,0 days 00:35:45.872000,207.0,231.0,,233.0,False,MEDIUM,3.0,True,Red Bull Racing,0 days 00:33:49.802000,2020-09-26 12:18:49.851,1,,False,,False,False
0 days 00:43:23.528000,VER,33,,9.0,3.0,0 days 00:40:59.783000,,,0 days 00:00:42.438000,0 days 00:01:00.712000,,0 days 00:42:22.849000,0 days 00:43:23.567000,221.0,234.0,175.0,249.0,False,MEDIUM,1.0,True,Red Bull Racing,0 days 00:35:45.872000,2020-09-26 12:20:45.921,1,,False,,False,False
0 days 00:44:56.685000,VER,33,0 days 00:01:33.157000,10.0,3.0,,,0 days 00:00:33.879000,0 days 00:00:32.193000,0 days 00:00:27.085000,0 days 00:43:57.407000,0 days 00:44:29.600000,0 days 00:44:56.685000,276.0,316.0,167.0,323.0,True,MEDIUM,2.0,True,Red Bull Racing,0 days 00:43:23.528000,2020-09-26 12:28:23.577,1,,False,,False,True
0 days 00:46:56.076000,VER,33,0 days 00:01:59.391000,11.0,3.0,,0 days 00:46:48.015000,0 days 00:00:41.951000,0 days 00:00:39.549000,0 days 00:00:37.891000,0 days 00:45:38.636000,0 days 00:46:18.185000,0 days 00:46:56.076000,194.0,242.0,,214.0,False,MEDIUM,3.0,True,Red Bull Racing,0 days 00:44:56.685000,2020-09-26 12:29:56.734,1,,False,,False,False
0 days 01:03:04.726000,VER,33,,12.0,4.0,0 days 00:51:15.033000,0 days 00:53:25.204000,,,,,,,178.0,,,235.0,False,SOFT,1.0,True,Red Bull Racing,0 days 00:46:56.076000,2020-09-26 12:31:56.125,125,,False,,False,False
0 days 01:04:50.092000,VER,33,,13.0,5.0,0 days 01:03:04.726000,,,0 days 00:00:36.790000,0 days 00:00:32.157000,,0 days 01:04:17.980000,0 days 01:04:50.137000,234.0,271.0,178.0,293.0,False,SOFT,2.0,False,Red Bull Racing,0 days 01:03:04.726000,2020-09-26 12:48:04.775,1,,False,,False,False
0 days 01:06:25.051000,VER,33,0 days 00:01:34.959000,14.0,5.0,,,0 days 00:00:33.933000,0 days 00:00:31.996000,0 days 00:00:29.030000,0 days 01:05:24.025000,0 days 01:05:56.021000,0 days 01:06:25.051000,276.0,313.0,78.0,320.0,False,SOFT,3.0,False,Red Bull Racing,0 days 01:04:50.092000,2020-09-26 12:49:50.141,1,,False,,False,True
0 days 01:08:22.339000,VER,33,0 days 00:01:57.288000,15.0,5.0,,0 days 01:08:14.258000,0 days 00:00:44.515000,0 days 00:00:37.325000,0 days 00:00:35.448000,0 days 01:07:09.566000,0 days 01:07:46.891000,0 days 01:08:22.339000,197.0,267.0,,207.0,False,SOFT,4.0,False,Red Bull Racing,0 days 01:06:25.051000,2020-09-26 12:51:25.100,1,,False,,False,False
0 days 01:17:15.089000,VER,33,,16.0,6.0,0 days 01:15:14.366000,,,0 days 00:00:46.642000,0 days 00:00:31.143000,,0 days 01:16:44.002000,0 days 01:17:15.116000,205.0,282.0,179.0,232.0,False,SOFT,1.0,True,Red Bull Racing,0 days 01:08:22.339000,2020-09-26 12:53:22.388,1,,False,,False,False
0 days 01:18:47.449000,VER,33,0 days 00:01:32.360000,17.0,6.0,,,0 days 00:00:33.836000,0 days 00:00:31.715000,0 days 00:00:26.809000,0 days 01:17:48.925000,0 days 01:18:20.640000,0 days 01:18:47.449000,275.0,317.0,169.0,321.0,True,SOFT,2.0,True,Red Bull Racing,0 days 01:17:15.089000,2020-09-26 13:02:15.138,1,,False,,False,True
0 days 01:20:38.752000,VER,33,0 days 00:01:51.303000,18.0,6.0,,0 days 01:20:30.643000,0 days 00:00:38.552000,0 days 00:00:37.348000,0 days 00:00:35.403000,0 days 01:19:26.001000,0 days 01:20:03.349000,0 days 01:20:38.752000,212.0,269.0,,235.0,False,SOFT,3.0,True,Red Bull Racing,0 days 01:18:47.449000,2020-09-26 13:03:47.498,1,,False,,False,False
0 days 01:25:20.718000,VER,33,,19.0,7.0,0 days 01:23:08.595000,,,0 days 00:00:49.672000,0 days 00:00:39.143000,,0 days 01:24:41.590000,0 days 01:25:20.743000,222.0,167.0,176.0,240.0,False,SOFT,1.0,True,Red Bull Racing,0 days 01:20:38.752000,2020-09-26 13:05:38.801,1,,False,,False,False
0 days 01:26:52.585000,VER,33,0 days 00:01:31.867000,20.0,7.0,,,0 days 00:00:33.513000,0 days 00:00:31.613000,0 days 00:00:26.741000,0 days 01:25:54.231000,0 days 01:26:25.844000,0 days 01:26:52.585000,277.0,317.0,171.0,325.0,True,SOFT,2.0,True,Red Bull Racing,0 days 01:25:20.718000,2020-09-26 13:10:20.767,1,,False,,False,True
0 days 01:28:51.559000,VER,33,,21.0,7.0,,0 days 01:28:51.559000,0 days 00:00:46.888000,0 days 00:00:39.626000,,0 days 01:27:39.475000,0 days 01:28:19.127000,,206.0,219.0,,174.0,False,SOFT,3.0,True,Red Bull Racing,0 days 01:26:52.585000,2020-09-26 13:11:52.634,1,,False,,False,False
0 days 00:19:12.943000,BOT,77,,1.0,1.0,0 days 00:17:05.130000,,,0 days 00:00:46.515000,0 days 00:00:34.353000,,0 days 00:18:38.590000,0 days 00:19:13.110000,76.0,280.0,172.0,261.0,False,SOFT,1.0,True,Mercedes,0 days 00:17:05.130000,2020-09-26 12:02:05.179,1,,False,,False,False
0 days 00:20:45.599000,BOT,77,0 days 00:01:32.656000,2.0,1.0,,,0 days 00:00:33.706000,0 days 00:00:31.787000,0 days 00:00:27.163000,0 days 00:19:46.649000,0 days 00:20:18.436000,0 days 00:20:45.599000,279.0,320.0,158.0,330.0,True,SOFT,2.0,True,Mercedes,0 days 00:19:12.943000,2020-09-26 12:04:12.992,1,,False,,False,True
0 days 00:22:47.626000,BOT,77,0 days 00:02:02.027000,3.0,1.0,,0 days 00:22:39.308000,0 days 00:00:45.942000,0 days 00:00:40.127000,0 days 00:00:35.958000,0 days 00:21:31.541000,0 days 00:22:11.668000,0 days 00:22:47.626000,226.0,297.0,,202.0,False,SOFT,3.0,True,Mercedes,0 days 00:20:45.599000,2020-09-26 12:05:45.648,1,,False,,False,False
0 days 00:31:52.287000,BOT,77,,4.0,2.0,0 days 00:29:09.502000,,,0 days 00:00:48.086000,0 days 00:01:03.287000,,0 days 00:30:49,0 days 00:31:52.531000,193.0,302.0,169.0,221.0,False,SOFT,4.0,False,Mercedes,0 days 00:22:47.626000,2020-09-26 12:07:47.675,1,,False,,False,False
0 days 00:33:48.513000,BOT,77,0 days 00:01:56.226000,5.0,2.0,,0 days 00:33:40.208000,0 days 00:00:36.262000,0 days 00:00:43.329000,0 days 00:00:36.635000,0 days 00:32:28.549000,0 days 00:33:11.878000,0 days 00:33:48.513000,244.0,195.0,,332.0,False,SOFT,5.0,False,Mercedes,0 days 00:31:52.287000,2020-09-26 12:16:52.336,1,,False,,False,False
0 days 00:42:12.614000,BOT,77,,6.0,3.0,0 days 00:40:10.743000,,,0 days 00:00:40.313000,0 days 00:00:33.179000,,0 days 00:41:39.511000,0 days 00:42:12.614000,221.0,303.0,177.0,231.0,False,MEDIUM,1.0,True,Mercedes,0 days 00:33:48.513000,2020-09-26 12:18:48.562,1,,False,,False,False
0 days 00:43:45.670000,BOT,77,0 days 00:01:33.056000,7.0,3.0,,,0 days 00:00:33.554000,0 days 00:00:32.313000,0 days 00:00:27.189000,0 days 00:42:46.168000,0 days 00:43:18.481000,0 days 00:43:45.670000,278.0,321.0,138.0,331.0,True,MEDIUM,2.0,True,Mercedes,0 days 00:42:12.614000,2020-09-26 12:27:12.663,1,,False,,False,True
0 days 00:46:18.981000,BOT,77,,8.0,3.0,,0 days 00:45:32.333000,0 days 00:00:39.722000,0 days 00:00:39.032000,0 days 00:01:14.543000,0 days 00:44:25.421000,0 days 00:45:04.438000,0 days 00:46:19.268000,220.0,294.0,,285.0,False,MEDIUM,3.0,True,Mercedes,0 days 00:43:45.670000,2020-09-26 12:28:45.719,1,,False,,False,False
0 days 00:50:45.349000,BOT,77,,9.0,4.0,0 days 00:48:44.694000,,,0 days 00:00:42.200000,0 days 00:00:35.088000,,0 days 00:50:10.295000,0 days 00:50:45.373000,208.0,302.0,178.0,243.0,False,MEDIUM,1.0,True,Mercedes,0 days 00:46:18.981000,2020-09-26 12:31:19.030,1,,False,,False,False
0 days 00:52:17.754000,BOT,77,0 days 00:01:32.405000,10.0,4.0,,,0 days 00:00:33.360000,0 days 00:00:32.037000,0 days 00:00:27.008000,0 days 00:51:18.709000,0 days 00:51:50.746000,0 days 00:52:17.754000,279.0,324.0,163.0,333.0,True,MEDIUM,2.0,True,Mercedes,0 days 00:50:45.349000,2020-09-26 12:35:45.398,1,,False,,False,True
0 days 01:04:04.234000,BOT,77,,11.0,4.0,,0 days 00:54:49.332000,,,,,,,,,,179.0,False,MEDIUM,3.0,True,Mercedes,0 days 00:52:17.754000,2020-09-26 12:37:17.803,125,,False,,False,False
0 days 01:06:05.560000,BOT,77,,12.0,5.0,0 days 01:04:04.157000,,,0 days 00:00:41.822000,0 days 00:00:35.146000,,0 days 01:05:30.427000,0 days 01:06:05.560000,220.0,302.0,176.0,248.0,False,SOFT,1.0,True,Mercedes,0 days 01:04:04.157000,2020-09-26 12:49:04.206,1,,False,,False,False
0 days 01:07:48.602000,BOT,77,0 days 00:01:43.042000,13.0,5.0,,0 days 01:07:40.255000,0 days 00:00:33.337000,0 days 00:00:32.238000,0 days 00:00:37.467000,0 days 01:06:38.897000,0 days 01:07:11.135000,0 days 01:07:48.602000,279.0,294.0,,330.0,False,SOFT,2.0,True,Mercedes,0 days 01:06:05.560000,2020-09-26 12:51:05.609,1,,False,,False,False
0 days 01:16:41.971000,BOT,77,,14.0,6.0,0 days 01:14:21.810000,,,0 days 00:00:46.536000,0 days 00:00:48.024000,,0 days 01:15:54.013000,0 days 01:16:41.979000,209.0,302.0,156.0,242.0,False,SOFT,1.0,True,Mercedes,0 days 01:07:48.602000,2020-09-26 12:52:48.651,1,,False,,False,False
0 days 01:18:14.155000,BOT,77,0 days 00:01:32.184000,15.0,6.0,,,0 days 00:00:33.848000,0 days 00:00:31.459000,0 days 00:00:26.877000,0 days 01:17:15.819000,0 days 01:17:47.278000,0 days 01:18:14.155000,278.0,323.0,167.0,330.0,True,SOFT,2.0,True,Mercedes,0 days 01:16:41.971000,2020-09-26 13:01:42.020,1,,False,,False,True
0 days 01:20:07.008000,BOT,77,0 days 00:01:52.853000,16.0,6.0,,0 days 01:19:58.719000,0 days 00:00:38.551000,0 days 00:00:36.656000,0 days 00:00:37.646000,0 days 01:18:52.706000,0 days 01:19:29.362000,0 days 01:20:07.008000,226.0,306.0,,271.0,False,SOFT,3.0,True,Mercedes,0 days 01:18:14.155000,2020-09-26 13:03:14.204,1,,False,,False,False
0 days 01:23:47.545000,BOT,77,,17.0,7.0,0 days 01:21:51.662000,,,0 days 00:00:40.253000,0 days 00:00:31.683000,,0 days 01:23:15.899000,0 days 01:23:47.548000,198.0,302.0,180.0,265.0,False,SOFT,1.0,True,Mercedes,0 days 01:20:07.008000,2020-09-26 13:05:07.057,1,,False,,False,False
0 days 01:25:19.501000,BOT,77,0 days 00:01:31.956000,18.0,7.0,,,0 days 00:00:33.592000,0 days 00:00:31.520000,0 days 00:00:26.844000,0 days 01:24:21.137000,0 days 01:24:52.657000,0 days 01:25:19.501000,280.0,323.0,166.0,329.0,True,SOFT,2.0,True,Mercedes,0 days 01:23:47.545000,2020-09-26 13:08:47.594,1,,False,,False,True
0 days 01:27:17.784000,BOT,77,,19.0,7.0,,0 days 01:27:17.784000,0 days 00:00:41.773000,0 days 00:00:42.387000,,0 days 01:26:01.290000,0 days 01:26:43.702000,,197.0,180.0,,232.0,False,SOFT,3.0,True,Mercedes,0 days 01:25:19.501000,2020-09-26 13:10:19.550,1,,False,,False,False
0 days 00:20:24.534000,PER,11,,1.0,1.0,0 days 00:17:54.981000,,,0 days 00:00:46.613000,0 days 00:00:48.475000,,0 days 00:19:36.072000,0 days 00:20:24.849000,196.0,136.0,168.0,160.0,False,SOFT,1.0,True,Racing Point,0 days 00:17:54.981000,2020-09-26 12:02:55.030,1,,False,,False,False
0 days 00:21:58.238000,PER,11,0 days 00:01:33.704000,2.0,1.0,,,0 days 00:00:34.279000,0 days 00:00:32.376000,0 days 00:00:27.049000,0 days 00:20:58.813000,0 days 00:21:31.189000,0 days 00:21:58.238000,274.0,316.0,173.0,328.0,True,SOFT,2.0,True,Racing Point,0 days 00:20:24.534000,2020-09-26 12:05:24.583,1,,False,,False,True
0 days 00:24:02.584000,PER,11,0 days 00:02:04.346000,3.0,1.0,,0 days 00:23:54.225000,0 days 00:00:43.743000,0 days 00:00:41.973000,0 days 00:00:38.630000,0 days 00:22:41.981000,0 days 00:23:23.954000,0 days 00:24:02.584000,227.0,277.0,,225.0,False,SOFT,3.0,True,Racing Point,0 days 00:21:58.238000,2020-09-26 12:06:58.287,1,,False,,False,False
0 days 00:43:09.502000,PER,11,,4.0,2.0,0 days 00:40:36.751000,,,0 days 00:00:39.249000,0 days 00:01:06.032000,,0 days 00:42:03.519000,0 days 00:43:09.513000,211.0,300.0,169.0,186.0,False,SOFT,1.0,True,Racing Point,0 days 00:24:02.584000,2020-09-26 12:09:02.633,1,,False,,False,False
0 days 00:44:42.540000,PER,11,0 days 00:01:33.038000,5.0,2.0,,,0 days 00:00:34.009000,0 days 00:00:32.151000,0 days 00:00:26.878000,0 days 00:43:43.511000,0 days 00:44:15.662000,0 days 00:44:42.540000,275.0,318.0,170.0,326.0,True,SOFT,2.0,True,Racing Point,0 days 00:43:09.502000,2020-09-26 12:28:09.551,1,,False,,False,True
0 days 00:50:45.919000,PER,11,,6.0,2.0,,0 days 00:46:40.206000,0 days 00:00:41.660000,0 days 00:00:44.518000,,0 days 00:45:24.200000,0 days 00:46:08.735000,,196.0,263.0,,244.0,False,SOFT,3.0,True,Racing Point,0 days 00:44:42.540000,2020-09-26 12:29:42.589,1,,False,,False,False
0 days 01:03:18.112000,PER,11,,7.0,3.0,0 days 00:50:45.816000,0 days 00:53:16.441000,,0 days 00:00:54.880000,,,0 days 00:52:32.749000,,145.0,281.0,,183.0,False,SOFT,1.0,True,Racing Point,0 days 00:50:45.919000,2020-09-26 12:35:45.968,125,,False,,False,False
0 days 01:05:19.925000,PER,11,,8.0,4.0,0 days 01:03:17.984000,,,0 days 00:00:36.004000,0 days 00:00:41.683000,,0 days 01:04:38.275000,0 days 01:05:20.038000,236.0,292.0,161.0,213.0,False,SOFT,2.0,False,Racing Point,0 days 01:03:17.984000,2020-09-26 12:48:18.033,1,,False,,False,False
0 days 01:07:11.023000,PER,11,0 days 00:01:51.098000,9.0,4.0,,0 days 01:07:02.658000,0 days 00:00:38.656000,0 days 00:00:36.216000,0 days 00:00:36.226000,0 days 01:05:58.581000,0 days 01:06:34.797000,0 days 01:07:11.023000,222.0,306.0,,258.0,False,SOFT,3.0,False,Racing Point,0 days 01:05:19.925000,2020-09-26 12:50:19.974,1,,False,,False,False
0 days 01:17:07.104000,PER,11,,10.0,5.0,0 days 01:14:45.381000,,,0 days 00:00:45.481000,0 days 00:00:44.003000,,0 days 01:16:23.159000,0 days 01:17:07.179000,159.0,290.0,169.0,196.0,False,SOFT,1.0,True,Racing Point,0 days 01:07:11.023000,2020-09-26 12:52:11.072,1,,False,,False,False
0 days 01:18:39.514000,PER,11,0 days 00:01:32.410000,11.0,5.0,,,0 days 00:00:34.079000,0 days 00:00:31.696000,0 days 00:00:26.635000,0 days 01:17:41.183000,0 days 01:18:12.879000,0 days 01:18:39.514000,275.0,321.0,168.0,326.0,True,SOFT,2.0,True,Racing Point,0 days 01:17:07.104000,2020-09-26 13:02:07.153,1,,False,,False,True
0 days 01:20:41.078000,PER,11,0 days 00:02:01.564000,12.0,5.0,,0 days 01:20:32.791000,0 days 00:00:44.175000,0 days 00:00:40.328000,0 days 00:00:37.061000,0 days 01:19:23.689000,0 days 01:20:04.017000,0 days 01:20:41.078000,179.0,275.0,,240.0,False,SOFT,3.0,True,Racing Point,0 days 01:18:39.514000,2020-09-26 13:03:39.563,1,,False,,False,False
0 days 01:25:09.247000,PER,11,,13.0,6.0,0 days 01:22:44.877000,,,0 days 00:00:53.647000,0 days 00:00:38.258000,,0 days 01:24:30.998000,0 days 01:25:09.272000,144.0,280.0,172.0,165.0,False,SOFT,1.0,True,Racing Point,0 days 01:20:41.078000,2020-09-26 13:05:41.127,1,,False,,False,False
0 days 01:26:41.564000,PER,11,0 days 00:01:32.317000,14.0,6.0,,,0 days 00:00:33.884000,0 days 00:00:31.765000,0 days 00:00:26.668000,0 days 01:25:43.131000,0 days 01:26:14.896000,0 days 01:26:41.564000,275.0,318.0,171.0,325.0,True,SOFT,2.0,True,Racing Point,0 days 01:25:09.247000,2020-09-26 13:10:09.296,1,,False,,False,True
0 days 01:28:39.813000,PER,11,,15.0,6.0,,0 days 01:28:39.813000,0 days 00:00:49.041000,0 days 00:00:37.592000,,0 days 01:27:30.576000,0 days 01:28:08.188000,,155.0,282.0,,215.0,False,SOFT,3.0,True,Racing Point,0 days 01:26:41.564000,2020-09-26 13:11:41.613,1,,False,,False,False
0 days 00:22:59.165000,RIC,3,,1.0,1.0,0 days 00:20:58.650000,,,0 days 00:00:39.919000,0 days 00:00:36.940000,,0 days 00:22:22.249000,0 days 00:22:59.359000,215.0,181.0,173.0,248.0,False,MEDIUM,1.0,True,Renault,0 days 00:20:58.650000,2020-09-26 12:05:58.699,1,,False,,False,False
0 days 00:24:33.509000,RIC,3,0 days 00:01:34.344000,2.0,1.0,,,0 days 00:00:34.253000,0 days 00:00:32.601000,0 days 00:00:27.490000,0 days 00:23:33.418000,0 days 00:24:06.019000,0 days 00:24:33.509000,274.0,321.0,162.0,328.0,True,MEDIUM,2.0,True,Renault,0 days 00:22:59.165000,2020-09-26 12:07:59.214,1,,False,,False,True
0 days 00:26:35.755000,RIC,3,0 days 00:02:02.246000,3.0,1.0,,0 days 00:26:27.594000,0 days 00:00:43.359000,0 days 00:00:39.593000,0 days 00:00:39.294000,0 days 00:25:16.868000,0 days 00:25:56.461000,0 days 00:26:35.755000,216.0,248.0,,245.0,False,MEDIUM,3.0,True,Renault,0 days 00:24:33.509000,2020-09-26 12:09:33.558,1,,False,,False,False
0 days 00:31:29.544000,RIC,3,,4.0,2.0,0 days 00:29:06.654000,,,0 days 00:00:42.606000,0 days 00:00:50.147000,,0 days 00:30:39.397000,0 days 00:31:29.782000,211.0,264.0,169.0,242.0,False,SOFT,1.0,True,Renault,0 days 00:26:35.755000,2020-09-26 12:11:35.804,1,,False,,False,False
0 days 00:33:03.194000,RIC,3,0 days 00:01:33.650000,5.0,2.0,,,0 days 00:00:33.995000,0 days 00:00:32.283000,0 days 00:00:27.372000,0 days 00:32:03.539000,0 days 00:32:35.822000,0 days 00:33:03.194000,275.0,322.0,164.0,329.0,True,SOFT,2.0,True,Renault,0 days 00:31:29.544000,2020-09-26 12:16:29.593,1,,False,,False,True
0 days 00:35:06.679000,RIC,3,0 days 00:02:03.485000,6.0,2.0,,0 days 00:34:58.537000,0 days 00:00:43.497000,0 days 00:00:39.093000,0 days 00:00:40.895000,0 days 00:33:46.691000,0 days 00:34:25.784000,0 days 00:35:06.679000,234.0,243.0,,223.0,False,SOFT,3.0,True,Renault,0 days 00:33:03.194000,2020-09-26 12:18:03.243,1,,False,,False,False
0 days 00:43:35.022000,RIC,3,,7.0,3.0,0 days 00:41:10.500000,,,0 days 00:00:43.138000,0 days 00:00:53.821000,,0 days 00:42:41.269000,0 days 00:43:35.046000,207.0,168.0,175.0,208.0,False,SOFT,1.0,True,Renault,0 days 00:35:06.679000,2020-09-26 12:20:06.728,1,,False,,False,False
0 days 00:45:07.240000,RIC,3,0 days 00:01:32.218000,8.0,3.0,,,0 days 00:00:33.631000,0 days 00:00:31.760000,0 days 00:00:26.827000,0 days 00:44:08.653000,0 days 00:44:40.413000,0 days 00:45:07.240000,277.0,322.0,170.0,328.0,True,SOFT,2.0,True,Renault,0 days 00:43:35.022000,2020-09-26 12:28:35.071,1,,False,,False,True
0 days 00:47:12.664000,RIC,3,0 days 00:02:05.424000,9.0,3.0,,0 days 00:47:04.392000,0 days 00:00:43.468000,0 days 00:00:40.051000,0 days 00:00:41.905000,0 days 00:45:50.708000,0 days 00:46:30.759000,0 days 00:47:12.664000,216.0,236.0,,215.0,False,SOFT,3.0,True,Renault,0 days 00:45:07.240000,2020-09-26 12:30:07.289,1,,False,,False,False
0 days 01:16:16.763000,RIC,3,,10.0,4.0,0 days 01:14:06.073000,,,0 days 00:00:42.646000,0 days 00:00:40.575000,,0 days 01:15:36.195000,0 days 01:16:16.763000,222.0,243.0,171.0,255.0,False,SOFT,1.0,True,Renault,0 days 01:14:06.073000,2020-09-26 12:59:06.122,1,,False,,False,False
0 days 01:17:49.127000,RIC,3,0 days 00:01:32.364000,11.0,4.0,,,0 days 00:00:33.764000,0 days 00:00:31.691000,0 days 00:00:26.909000,0 days 01:16:50.527000,0 days 01:17:22.218000,0 days 01:17:49.127000,275.0,321.0,167.0,326.0,True,SOFT,2.0,True,Renault,0 days 01:16:16.763000,2020-09-26 13:01:16.812,1,,False,,False,True
0 days 01:19:50.674000,RIC,3,0 days 00:02:01.547000,12.0,4.0,,0 days 01:19:42.495000,0 days 00:00:43.884000,0 days 00:00:38.729000,0 days 00:00:38.934000,0 days 01:18:33.011000,0 days 01:19:11.740000,0 days 01:19:50.674000,210.0,273.0,,244.0,False,SOFT,3.0,True,Renault,0 days 01:17:49.127000,2020-09-26 13:02:49.176,1,,False,,False,False
0 days 01:24:25.515000,RIC,3,,13.0,5.0,0 days 01:22:00.718000,,,0 days 00:00:45.312000,0 days 00:00:39.220000,,0 days 01:23:46.296000,0 days 01:24:25.564000,184.0,279.0,172.0,195.0,False,SOFT,1.0,True,Renault,0 days 01:19:50.674000,2020-09-26 13:04:50.723,1,,False,,False,False
0 days 01:25:58.016000,RIC,3,0 days 00:01:32.501000,14.0,5.0,,,0 days 00:00:33.868000,0 days 00:00:31.757000,0 days 00:00:26.876000,0 days 01:24:59.383000,0 days 01:25:31.140000,0 days 01:25:58.016000,275.0,323.0,169.0,327.0,False,SOFT,2.0,True,Renault,0 days 01:24:25.515000,2020-09-26 13:09:25.564,1,,False,,False,True
0 days 01:28:03.371000,RIC,3,,15.0,5.0,,0 days 01:28:03.371000,0 days 00:00:50.351000,0 days 00:00:41.224000,,0 days 01:26:48.363000,0 days 01:27:29.610000,,214.0,232.0,,213.0,False,SOFT,3.0,True,Renault,0 days 01:25:58.016000,2020-09-26 13:10:58.065,1,,False,,False,False
0 days 00:21:02.385000,SAI,55,,1.0,1.0,0 days 00:18:43.367000,,,0 days 00:00:42.875000,0 days 00:00:52.327000,,0 days 00:20:10.166000,0 days 00:21:02.671000,221.0,235.0,172.0,260.0,False,SOFT,1.0,True,McLaren,0 days 00:18:43.367000,2020-09-26 12:03:43.416,1,,False,,False,False
0 days 00:22:36.352000,SAI,55,0 days 00:01:33.967000,2.0,1.0,,,0 days 00:00:34.150000,0 days 00:00:32.669000,0 days 00:00:27.148000,0 days 00:21:36.535000,0 days 00:22:09.204000,0 days 00:22:36.352000,271.0,312.0,168.0,325.0,True,SOFT,2.0,True,McLaren,0 days 00:21:02.385000,2020-09-26 12:06:02.434,1,,False,,False,True
0 days 00:24:37.963000,SAI,55,0 days 00:02:01.611000,3.0,1.0,,0 days 00:24:29.794000,0 days 00:00:40.758000,0 days 00:00:43.893000,0 days 00:00:36.960000,0 days 00:23:17.110000,0 days 00:24:01.003000,0 days 00:24:37.963000,207.0,269.0,,223.0,False,SOFT,3.0,True,McLaren,0 days 00:22:36.352000,2020-09-26 12:07:36.401,1,,False,,False,False
0 days 00:42:46.843000,SAI,55,,4.0,2.0,0 days 00:40:16.399000,,,0 days 00:00:44.058000,0 days 00:00:52.597000,,0 days 00:41:54.312000,0 days 00:42:46.887000,220.0,287.0,176.0,260.0,False,SOFT,1.0,True,McLaren,0 days 00:24:37.963000,2020-09-26 12:09:38.012,1,,False,,False,False
0 days 00:44:19.600000,SAI,55,0 days 00:01:32.757000,5.0,2.0,,,0 days 00:00:33.908000,0 days 00:00:31.957000,0 days 00:00:26.892000,0 days 00:43:20.751000,0 days 00:43:52.708000,0 days 00:44:19.600000,274.0,316.0,167.0,323.0,True,SOFT,2.0,True,McLaren,0 days 00:42:46.843000,2020-09-26 12:27:46.892,1,,False,,False,True
0 days 00:46:23.446000,SAI,55,0 days 00:02:03.846000,6.0,2.0,,0 days 00:46:15.275000,0 days 00:00:41.867000,0 days 00:00:41.647000,0 days 00:00:40.332000,0 days 00:45:01.467000,0 days 00:45:43.114000,0 days 00:46:23.446000,182.0,222.0,,230.0,False,SOFT,3.0,True,McLaren,0 days 00:44:19.600000,2020-09-26 12:29:19.649,1,,False,,False,False
0 days 01:03:14.208000,SAI,55,,7.0,3.0,0 days 00:50:50.081000,0 days 00:52:59.353000,,0 days 00:00:42.042000,,,0 days 00:52:21.447000,,210.0,289.0,,247.0,False,SOFT,1.0,True,McLaren,0 days 00:46:23.446000,2020-09-26 12:31:23.495,125,,False,,False,False
0 days 01:05:19.311000,SAI,55,,8.0,4.0,0 days 01:03:14.208000,,,0 days 00:00:36.222000,0 days 00:00:43.700000,,0 days 01:04:35.693000,0 days 01:05:19.352000,233.0,322.0,166.0,248.0,False,SOFT,1.0,True,McLaren,0 days 01:03:14.208000,2020-09-26 12:48:14.257,1,,False,,False,False
0 days 01:07:00.150000,SAI,55,0 days 00:01:40.839000,9.0,4.0,,0 days 01:06:51.977000,0 days 00:00:34.307000,0 days 00:00:32.331000,0 days 00:00:34.201000,0 days 01:05:53.618000,0 days 01:06:25.949000,0 days 01:07:00.150000,272.0,294.0,,326.0,False,SOFT,2.0,True,McLaren,0 days 01:05:19.311000,2020-09-26 12:50:19.360,1,,False,,False,False
0 days 01:16:24.550000,SAI,55,,10.0,5.0,0 days 01:14:14.887000,,,0 days 00:00:40.139000,0 days 00:00:43.069000,,0 days 01:15:41.505000,0 days 01:16:24.583000,204.0,278.0,177.0,251.0,False,SOFT,2.0,False,McLaren,0 days 01:07:00.150000,2020-09-26 12:52:00.199,1,,False,,False,False
0 days 01:17:57.657000,SAI,55,0 days 00:01:33.107000,11.0,5.0,,,0 days 00:00:34.224000,0 days 00:00:31.902000,0 days 00:00:26.981000,0 days 01:16:58.774000,0 days 01:17:30.676000,0 days 01:17:57.657000,271.0,316.0,164.0,323.0,True,SOFT,3.0,False,McLaren,0 days 01:16:24.550000,2020-09-26 13:01:24.599,1,,False,,False,True
0 days 01:19:58.401000,SAI,55,0 days 00:02:00.744000,12.0,5.0,,0 days 01:19:50.258000,0 days 00:00:40.492000,0 days 00:00:38.950000,0 days 00:00:41.302000,0 days 01:18:38.149000,0 days 01:19:17.099000,0 days 01:19:58.401000,214.0,242.0,,219.0,False,SOFT,4.0,False,McLaren,0 days 01:17:57.657000,2020-09-26 13:02:57.706,1,,False,,False,False
0 days 01:24:35.596000,SAI,55,,13.0,6.0,0 days 01:22:10.598000,,,0 days 00:00:48.458000,0 days 00:00:40.057000,,0 days 01:23:55.552000,0 days 01:24:35.596000,205.0,119.0,176.0,226.0,False,SOFT,1.0,True,McLaren,0 days 01:19:58.401000,2020-09-26 13:04:58.450,1,,False,,False,False
0 days 01:26:08.146000,SAI,55,0 days 00:01:32.550000,14.0,6.0,,,0 days 00:00:33.972000,0 days 00:00:31.690000,0 days 00:00:26.888000,0 days 01:25:09.568000,0 days 01:25:41.258000,0 days 01:26:08.146000,272.0,317.0,174.0,322.0,True,SOFT,2.0,True,McLaren,0 days 01:24:35.596000,2020-09-26 13:09:35.645,1,,False,,False,True
0 days 01:28:07.524000,SAI,55,,15.0,6.0,,0 days 01:28:07.524000,0 days 00:00:46.384000,0 days 00:00:43.180000,,0 days 01:26:54.557000,0 days 01:27:37.741000,,172.0,244.0,,168.0,False,SOFT,3.0,True,McLaren,0 days 01:26:08.146000,2020-09-26 13:11:08.195,1,,False,,False,False
0 days 00:22:51.603000,OCO,31,,1.0,1.0,0 days 00:20:40.251000,,,0 days 00:00:44.938000,0 days 00:00:35.423000,,0 days 00:22:16.204000,0 days 00:22:51.865000,122.0,273.0,175.0,191.0,False,MEDIUM,1.0,True,Renault,0 days 00:20:40.251000,2020-09-26 12:05:40.300,1,,False,,False,False
0 days 00:24:26.843000,OCO,31,0 days 00:01:35.240000,2.0,1.0,,,0 days 00:00:34.701000,0 days 00:00:32.916000,0 days 00:00:27.623000,0 days 00:23:26.304000,0 days 00:23:59.220000,0 days 00:24:26.843000,275.0,318.0,167.0,326.0,True,MEDIUM,2.0,True,Renault,0 days 00:22:51.603000,2020-09-26 12:07:51.652,1,,False,,False,True
0 days 00:26:18.884000,OCO,31,0 days 00:01:52.041000,3.0,1.0,,0 days 00:26:10.848000,0 days 00:00:38.839000,0 days 00:00:36.900000,0 days 00:00:36.302000,0 days 00:25:05.682000,0 days 00:25:42.582000,0 days 00:26:18.884000,238.0,290.0,,298.0,False,MEDIUM,3.0,True,Renault,0 days 00:24:26.843000,2020-09-26 12:09:26.892,1,,False,,False,False
0 days 00:31:20.049000,OCO,31,,4.0,2.0,0 days 00:29:03.073000,,,0 days 00:00:41.767000,0 days 00:00:50.816000,,0 days 00:30:29.255000,0 days 00:31:20.266000,203.0,209.0,173.0,254.0,False,SOFT,1.0,True,Renault,0 days 00:26:18.884000,2020-09-26 12:11:18.933,1,,False,,False,False
0 days 00:32:53.606000,OCO,31,0 days 00:01:33.557000,5.0,2.0,,,0 days 00:00:34.024000,0 days 00:00:32.365000,0 days 00:00:27.168000,0 days 00:31:54.073000,0 days 00:32:26.438000,0 days 00:32:53.606000,275.0,318.0,168.0,326.0,True,SOFT,2.0,True,Renault,0 days 00:31:20.049000,2020-09-26 12:16:20.098,1,,False,,False,True
0 days 00:34:56.442000,OCO,31,0 days 00:02:02.836000,6.0,2.0,,0 days 00:34:48.376000,0 days 00:00:42.645000,0 days 00:00:40.057000,0 days 00:00:40.134000,0 days 00:33:36.251000,0 days 00:34:16.308000,0 days 00:34:56.442000,216.0,234.0,,277.0,False,SOFT,3.0,True,Renault,0 days 00:32:53.606000,2020-09-26 12:17:53.655,1,,False,,False,False
0 days 00:42:54.162000,OCO,31,,7.0,3.0,0 days 00:40:20.146000,,,0 days 00:00:46.967000,0 days 00:00:55.914000,,0 days 00:41:58.277000,0 days 00:42:54.212000,147.0,206.0,171.0,243.0,False,SOFT,1.0,True,Renault,0 days 00:34:56.442000,2020-09-26 12:19:56.491,1,,False,,False,False
0 days 00:44:27.358000,OCO,31,0 days 00:01:33.196000,8.0,3.0,,,0 days 00:00:33.965000,0 days 00:00:32.217000,0 days 00:00:27.014000,0 days 00:43:28.127000,0 days 00:44:00.344000,0 days 00:44:27.358000,274.0,314.0,172.0,325.0,True,SOFT,2.0,True,Renault,0 days 00:42:54.162000,2020-09-26 12:27:54.211,1,,False,,False,True
0 days 00:46:27.923000,OCO,31,0 days 00:02:00.565000,9.0,3.0,,0 days 00:46:19.716000,0 days 00:00:40.145000,0 days 00:00:41.747000,0 days 00:00:38.673000,0 days 00:45:07.503000,0 days 00:45:49.250000,0 days 00:46:27.923000,203.0,220.0,,274.0,False,SOFT,3.0,True,Renault,0 days 00:44:27.358000,2020-09-26 12:29:27.407,1,,False,,False,False
0 days 00:52:27.555000,OCO,31,,10.0,4.0,0 days 00:50:22.606000,,,0 days 00:00:43.115000,0 days 00:00:38.152000,,0 days 00:51:49.403000,0 days 00:52:27.575000,201.0,165.0,176.0,246.0,False,SOFT,1.0,True,Renault,0 days 00:46:27.923000,2020-09-26 12:31:27.972,1,,False,,False,False
0 days 01:03:16.057000,OCO,31,,11.0,4.0,,0 days 00:54:52.256000,,,,,,,,,,325.0,False,SOFT,2.0,True,Renault,0 days 00:52:27.555000,2020-09-26 12:37:27.604,125,,False,,False,False
0 days 01:05:10.996000,OCO,31,,12.0,5.0,0 days 01:03:15.958000,,,0 days 00:00:35.467000,0 days 00:00:35.135000,,0 days 01:04:35.897000,0 days 01:05:11.071000,250.0,301.0,163.0,231.0,False,SOFT,1.0,True,Renault,0 days 01:03:15.958000,2020-09-26 12:48:16.007,1,,False,,False,False
0 days 01:06:44.239000,OCO,31,0 days 00:01:33.243000,13.0,5.0,,,0 days 00:00:33.904000,0 days 00:00:32.188000,0 days 00:00:27.151000,0 days 01:05:44.900000,0 days 01:06:17.088000,0 days 01:06:44.239000,277.0,327.0,170.0,333.0,False,SOFT,2.0,True,Renault,0 days 01:05:10.996000,2020-09-26 12:50:11.045,1,,False,,False,True
0 days 01:08:53.498000,OCO,31,0 days 00:02:09.259000,14.0,5.0,,0 days 01:08:45.115000,0 days 00:00:43.302000,0 days 00:00:42.736000,0 days 00:00:43.221000,0 days 01:07:27.541000,0 days 01:08:10.277000,0 days 01:08:53.498000,220.0,182.0,,224.0,False,SOFT,3.0,True,Renault,0 days 01:06:44.239000,2020-09-26 12:51:44.288,1,,False,,False,False
0 days 01:15:58.125000,OCO,31,,15.0,6.0,0 days 01:14:02.706000,,,0 days 00:00:39.210000,0 days 00:00:33.011000,,0 days 01:15:25.155000,0 days 01:15:58.176000,225.0,281.0,177.0,246.0,False,SOFT,3.0,False,Renault,0 days 01:08:53.498000,2020-09-26 12:53:53.547,1,,False,,False,False
0 days 01:17:31.242000,OCO,31,0 days 00:01:33.117000,16.0,6.0,,,0 days 00:00:33.998000,0 days 00:00:32.214000,0 days 00:00:26.905000,0 days 01:16:32.123000,0 days 01:17:04.337000,0 days 01:17:31.242000,273.0,317.0,169.0,322.0,True,SOFT,4.0,False,Renault,0 days 01:15:58.125000,2020-09-26 13:00:58.174,1,,False,,False,True
0 days 01:19:38.781000,OCO,31,0 days 00:02:07.539000,17.0,6.0,,0 days 01:19:30.656000,0 days 00:00:42.563000,0 days 00:00:44.185000,0 days 00:00:40.791000,0 days 01:18:13.805000,0 days 01:18:57.990000,0 days 01:19:38.781000,195.0,206.0,,267.0,False,SOFT,5.0,False,Renault,0 days 01:17:31.242000,2020-09-26 13:02:31.291,1,,False,,False,False
0 days 01:23:59.661000,OCO,31,,18.0,7.0,0 days 01:21:58.013000,,,0 days 00:00:42.451000,0 days 00:00:34.984000,,0 days 01:23:24.712000,0 days 01:23:59.712000,217.0,244.0,178.0,244.0,False,SOFT,1.0,True,Renault,0 days 01:19:38.781000,2020-09-26 13:04:38.830,1,,False,,False,False
0 days 01:25:32.285000,OCO,31,0 days 00:01:32.624000,19.0,7.0,,,0 days 00:00:33.912000,0 days 00:00:31.894000,0 days 00:00:26.818000,0 days 01:24:33.573000,0 days 01:25:05.467000,0 days 01:25:32.285000,274.0,320.0,172.0,324.0,True,SOFT,2.0,True,Renault,0 days 01:23:59.661000,2020-09-26 13:08:59.710,1,,False,,False,True
0 days 01:27:33.371000,OCO,31,,20.0,7.0,,0 days 01:27:33.371000,0 days 00:00:42.870000,0 days 00:00:44.707000,,0 days 01:26:15.185000,0 days 01:26:59.876000,,178.0,181.0,,277.0,False,SOFT,3.0,True,Renault,0 days 01:25:32.285000,2020-09-26 13:10:32.334,1,,False,,False,False
0 days 00:21:43.818000,NOR,4,,1.0,1.0,0 days 00:19:44.266000,,,0 days 00:00:40.650000,0 days 00:00:34.572000,,0 days 00:21:09.287000,0 days 00:21:44.085000,196.0,279.0,175.0,237.0,False,SOFT,1.0,True,McLaren,0 days 00:19:44.266000,2020-09-26 12:04:44.315,1,,False,,False,False
0 days 00:23:18.306000,NOR,4,0 days 00:01:34.488000,2.0,1.0,,,0 days 00:00:34.247000,0 days 00:00:32.599000,0 days 00:00:27.642000,0 days 00:22:18.065000,0 days 00:22:50.664000,0 days 00:23:18.306000,269.0,314.0,167.0,321.0,True,SOFT,2.0,True,McLaren,0 days 00:21:43.818000,2020-09-26 12:06:43.867,1,,False,,False,True
0 days 00:25:14.803000,NOR,4,0 days 00:01:56.497000,3.0,1.0,,0 days 00:25:06.711000,0 days 00:00:40.538000,0 days 00:00:39.724000,0 days 00:00:36.235000,0 days 00:23:58.844000,0 days 00:24:38.568000,0 days 00:25:14.803000,207.0,278.0,,221.0,False,SOFT,3.0,True,McLaren,0 days 00:23:18.306000,2020-09-26 12:08:18.355,1,,False,,False,False
0 days 00:31:39.702000,NOR,4,,4.0,2.0,0 days 00:29:08.656000,,,0 days 00:00:44.150000,0 days 00:00:58.345000,,0 days 00:30:41.410000,0 days 00:31:39.921000,184.0,262.0,172.0,222.0,False,SOFT,1.0,True,McLaren,0 days 00:25:14.803000,2020-09-26 12:10:14.852,1,,False,,False,False
0 days 00:33:13.506000,NOR,4,0 days 00:01:33.804000,5.0,2.0,,,0 days 00:00:34.093000,0 days 00:00:32.391000,0 days 00:00:27.320000,0 days 00:32:13.795000,0 days 00:32:46.186000,0 days 00:33:13.506000,272.0,316.0,171.0,324.0,True,SOFT,2.0,True,McLaren,0 days 00:31:39.702000,2020-09-26 12:16:39.751,1,,False,,False,True
0 days 00:35:16.235000,NOR,4,0 days 00:02:02.729000,6.0,2.0,,0 days 00:35:08.052000,0 days 00:00:42.352000,0 days 00:00:40.705000,0 days 00:00:39.672000,0 days 00:33:55.858000,0 days 00:34:36.563000,0 days 00:35:16.235000,191.0,183.0,,217.0,False,SOFT,3.0,True,McLaren,0 days 00:33:13.506000,2020-09-26 12:18:13.555,1,,False,,False,False
0 days 00:42:34.193000,NOR,4,,7.0,3.0,0 days 00:40:13.563000,,,0 days 00:00:44.377000,0 days 00:00:47.980000,,0 days 00:41:46.296000,0 days 00:42:34.213000,184.0,155.0,175.0,220.0,False,SOFT,1.0,True,McLaren,0 days 00:35:16.235000,2020-09-26 12:20:16.284,1,,False,,False,False
0 days 00:44:07.274000,NOR,4,0 days 00:01:33.081000,8.0,3.0,,,0 days 00:00:34.017000,0 days 00:00:32.204000,0 days 00:00:26.860000,0 days 00:43:08.210000,0 days 00:43:40.414000,0 days 00:44:07.274000,273.0,316.0,170.0,324.0,True,SOFT,2.0,True,McLaren,0 days 00:42:34.193000,2020-09-26 12:27:34.242,1,,False,,False,True
0 days 00:46:10.883000,NOR,4,0 days 00:02:03.609000,9.0,3.0,,0 days 00:46:02.698000,0 days 00:00:42.554000,0 days 00:00:40.581000,0 days 00:00:40.474000,0 days 00:44:49.828000,0 days 00:45:30.409000,0 days 00:46:10.883000,175.0,189.0,,230.0,False,SOFT,3.0,True,McLaren,0 days 00:44:07.274000,2020-09-26 12:29:07.323,1,,False,,False,False
0 days 00:52:40.041000,NOR,4,,10.0,4.0,0 days 00:50:37.381000,,,0 days 00:00:41.234000,0 days 00:00:33.937000,,0 days 00:52:06.109000,0 days 00:52:40.041000,197.0,289.0,177.0,277.0,False,SOFT,1.0,True,McLaren,0 days 00:46:10.883000,2020-09-26 12:31:10.932,12,,False,,False,False
0 days 01:03:12.694000,NOR,4,,11.0,4.0,,0 days 00:55:02.152000,,,,,,,,,,,False,SOFT,2.0,True,McLaren,0 days 00:52:40.041000,2020-09-26 12:37:40.090,251,,False,,False,False
0 days 01:05:09.209000,NOR,4,,12.0,5.0,0 days 01:03:12.557000,,,0 days 00:00:35.884000,0 days 00:00:34.103000,,0 days 01:04:35.129000,0 days 01:05:09.268000,231.0,310.0,170.0,249.0,False,SOFT,3.0,False,McLaren,0 days 01:03:12.557000,2020-09-26 12:48:12.606,1,,False,,False,False
0 days 01:06:55.176000,NOR,4,0 days 00:01:45.967000,13.0,5.0,,0 days 01:06:47.072000,0 days 00:00:34.308000,0 days 00:00:33.290000,0 days 00:00:38.369000,0 days 01:05:43.517000,0 days 01:06:16.807000,0 days 01:06:55.176000,273.0,214.0,,330.0,False,SOFT,4.0,False,McLaren,0 days 01:05:09.209000,2020-09-26 12:50:09.258,1,,False,,False,False
0 days 01:16:31.581000,NOR,4,,14.0,6.0,0 days 01:14:12.677000,,,0 days 00:00:46.024000,0 days 00:00:48.475000,,0 days 01:15:43.132000,0 days 01:16:31.623000,201.0,129.0,171.0,266.0,False,SOFT,4.0,False,McLaren,0 days 01:06:55.176000,2020-09-26 12:51:55.225,1,,False,,False,False
0 days 01:18:05.147000,NOR,4,0 days 00:01:33.566000,15.0,6.0,,,0 days 00:00:34.310000,0 days 00:00:32.032000,0 days 00:00:27.224000,0 days 01:17:05.891000,0 days 01:17:37.923000,0 days 01:18:05.147000,270.0,316.0,164.0,321.0,True,SOFT,5.0,False,McLaren,0 days 01:16:31.581000,2020-09-26 13:01:31.630,1,,False,,False,True
0 days 01:20:05.386000,NOR,4,0 days 00:02:00.239000,16.0,6.0,,0 days 01:19:57.193000,0 days 00:00:42.195000,0 days 00:00:39.131000,0 days 00:00:38.913000,0 days 01:18:47.342000,0 days 01:19:26.473000,0 days 01:20:05.386000,186.0,194.0,,189.0,False,SOFT,6.0,False,McLaren,0 days 01:18:05.147000,2020-09-26 13:03:05.196,1,,False,,False,False
0 days 01:24:18.804000,NOR,4,,17.0,7.0,0 days 01:21:59.400000,,,0 days 00:00:49.277000,0 days 00:00:45.032000,,0 days 01:23:33.772000,0 days 01:24:18.847000,174.0,64.0,175.0,276.0,False,SOFT,1.0,True,McLaren,0 days 01:20:05.386000,2020-09-26 13:05:05.435,1,,False,,False,False
0 days 01:25:51.651000,NOR,4,0 days 00:01:32.847000,18.0,7.0,,,0 days 00:00:34.026000,0 days 00:00:31.889000,0 days 00:00:26.932000,0 days 01:24:52.830000,0 days 01:25:24.719000,0 days 01:25:51.651000,273.0,319.0,169.0,324.0,True,SOFT,2.0,True,McLaren,0 days 01:24:18.804000,2020-09-26 13:09:18.853,1,,False,,False,True
0 days 01:27:53.393000,NOR,4,,19.0,7.0,,0 days 01:27:53.393000,0 days 00:00:48.376000,0 days 00:00:39.931000,,0 days 01:26:40.076000,0 days 01:27:20.154000,,204.0,217.0,,194.0,False,SOFT,3.0,True,McLaren,0 days 01:25:51.651000,2020-09-26 13:10:51.700,1,,False,,False,False
0 days 00:19:51.383000,GAS,10,,1.0,1.0,0 days 00:17:19.837000,,,0 days 00:00:46.908000,0 days 00:00:47.193000,,0 days 00:19:04.200000,0 days 00:19:51.667000,209.0,290.0,170.0,290.0,False,SOFT,1.0,True,AlphaTauri,0 days 00:17:19.837000,2020-09-26 12:02:19.886,1,,False,,False,False
0 days 00:22:13.941000,GAS,10,0 days 00:02:22.558000,2.0,1.0,,,0 days 00:00:51.004000,0 days 00:00:53.114000,0 days 00:00:38.440000,0 days 00:20:42.387000,0 days 00:21:35.501000,0 days 00:22:13.941000,147.0,275.0,173.0,328.0,False,SOFT,2.0,True,AlphaTauri,0 days 00:19:51.383000,2020-09-26 12:04:51.432,1,,True,TRACK LIMITS AT TURN 2,False,True
0 days 00:23:48.312000,GAS,10,0 days 00:01:34.371000,3.0,1.0,,,0 days 00:00:34.225000,0 days 00:00:32.667000,0 days 00:00:27.479000,0 days 00:22:48.166000,0 days 00:23:20.833000,0 days 00:23:48.312000,276.0,315.0,162.0,325.0,True,SOFT,3.0,True,AlphaTauri,0 days 00:22:13.941000,2020-09-26 12:07:13.990,1,,False,,False,True
0 days 00:26:53.816000,GAS,10,,4.0,1.0,,0 days 00:25:58.091000,0 days 00:00:48.414000,0 days 00:00:51.533000,0 days 00:01:25.582000,0 days 00:24:36.701000,0 days 00:25:28.396000,0 days 00:26:54.361000,187.0,184.0,,112.0,False,SOFT,4.0,True,AlphaTauri,0 days 00:23:48.312000,2020-09-26 12:08:48.361,1,,False,,False,False
0 days 00:32:21.798000,GAS,10,,5.0,2.0,0 days 00:29:42.922000,,,0 days 00:00:47.005000,0 days 00:01:02.367000,,0 days 00:31:19.440000,0 days 00:32:22.055000,192.0,289.0,161.0,286.0,False,SOFT,1.0,True,AlphaTauri,0 days 00:26:53.816000,2020-09-26 12:11:53.865,1,,False,,False,False
0 days 00:33:55.532000,GAS,10,0 days 00:01:33.734000,6.0,2.0,,,0 days 00:00:34.145000,0 days 00:00:32.425000,0 days 00:00:27.164000,0 days 00:32:55.943000,0 days 00:33:28.368000,0 days 00:33:55.532000,276.0,319.0,169.0,329.0,True,SOFT,2.0,True,AlphaTauri,0 days 00:32:21.798000,2020-09-26 12:17:21.847,1,,False,,False,True
0 days 00:36:01.752000,GAS,10,0 days 00:02:06.220000,7.0,2.0,,0 days 00:35:53.449000,0 days 00:00:46.897000,0 days 00:00:39.473000,0 days 00:00:39.850000,0 days 00:34:42.429000,0 days 00:35:21.902000,0 days 00:36:01.752000,226.0,270.0,,285.0,False,SOFT,3.0,True,AlphaTauri,0 days 00:33:55.532000,2020-09-26 12:18:55.581,1,,False,,False,False
0 days 00:43:29.925000,GAS,10,,8.0,3.0,0 days 00:41:07.975000,,,0 days 00:00:44.725000,0 days 00:00:50.610000,,0 days 00:42:39.338000,0 days 00:43:29.970000,199.0,288.0,173.0,264.0,False,SOFT,1.0,True,AlphaTauri,0 days 00:36:01.752000,2020-09-26 12:21:01.801,1,,False,,False,False
0 days 00:45:03.064000,GAS,10,0 days 00:01:33.139000,9.0,3.0,,,0 days 00:00:34.059000,0 days 00:00:32.035000,0 days 00:00:27.045000,0 days 00:44:03.984000,0 days 00:44:36.019000,0 days 00:45:03.064000,275.0,318.0,169.0,327.0,True,SOFT,2.0,True,AlphaTauri,0 days 00:43:29.925000,2020-09-26 12:28:29.974,1,,False,,False,True
0 days 00:47:07.254000,GAS,10,0 days 00:02:04.190000,10.0,3.0,,0 days 00:46:59.102000,0 days 00:00:45.651000,0 days 00:00:39.511000,0 days 00:00:39.028000,0 days 00:45:48.715000,0 days 00:46:28.226000,0 days 00:47:07.254000,215.0,264.0,,243.0,False,SOFT,3.0,True,AlphaTauri,0 days 00:45:03.064000,2020-09-26 12:30:03.113,1,,False,,False,False
0 days 00:52:20.631000,GAS,10,,11.0,4.0,0 days 00:50:08.848000,,,0 days 00:00:44.994000,0 days 00:00:37.695000,,0 days 00:51:42.936000,0 days 00:52:20.664000,206.0,276.0,173.0,267.0,False,SOFT,1.0,True,AlphaTauri,0 days 00:47:07.254000,2020-09-26 12:32:07.303,1,,False,,False,False
0 days 01:03:08.396000,GAS,10,,12.0,4.0,,0 days 00:54:47.286000,,,,,,,,,,330.0,False,SOFT,2.0,True,AlphaTauri,0 days 00:52:20.631000,2020-09-26 12:37:20.680,125,,False,,False,False
0 days 01:05:03.924000,GAS,10,,13.0,5.0,0 days 01:03:08.280000,,,0 days 00:00:37.248000,0 days 00:00:31.614000,,0 days 01:04:32.354000,0 days 01:05:03.965000,222.0,291.0,177.0,264.0,False,SOFT,3.0,False,AlphaTauri,0 days 01:03:08.280000,2020-09-26 12:48:08.329,1,,False,,False,False
0 days 01:06:37.218000,GAS,10,0 days 00:01:33.294000,14.0,5.0,,,0 days 00:00:34.049000,0 days 00:00:32.211000,0 days 00:00:27.034000,0 days 01:05:37.973000,0 days 01:06:10.184000,0 days 01:06:37.218000,275.0,319.0,168.0,326.0,False,SOFT,4.0,False,AlphaTauri,0 days 01:05:03.924000,2020-09-26 12:50:03.973,1,,False,,False,True
0 days 01:08:44.072000,GAS,10,0 days 00:02:06.854000,15.0,5.0,,0 days 01:08:35.886000,0 days 00:00:49.568000,0 days 00:00:37.721000,0 days 00:00:39.565000,0 days 01:07:26.786000,0 days 01:08:04.507000,0 days 01:08:44.072000,226.0,270.0,,161.0,False,SOFT,5.0,False,AlphaTauri,0 days 01:06:37.218000,2020-09-26 12:51:37.267,1,,False,,False,False
0 days 01:16:09.302000,GAS,10,,16.0,6.0,0 days 01:14:11.665000,,,0 days 00:00:38.892000,0 days 00:00:35.203000,,0 days 01:15:34.162000,0 days 01:16:09.334000,222.0,292.0,175.0,267.0,False,SOFT,4.0,False,AlphaTauri,0 days 01:08:44.072000,2020-09-26 12:53:44.121,1,,False,,False,False
0 days 01:17:42.673000,GAS,10,0 days 00:01:33.371000,17.0,6.0,,,0 days 00:00:34.080000,0 days 00:00:32.111000,0 days 00:00:27.180000,0 days 01:16:43.382000,0 days 01:17:15.493000,0 days 01:17:42.673000,276.0,317.0,155.0,323.0,True,SOFT,5.0,False,AlphaTauri,0 days 01:16:09.302000,2020-09-26 13:01:09.351,1,,False,,False,True
0 days 01:19:43.546000,GAS,10,0 days 00:02:00.873000,18.0,6.0,,0 days 01:19:34.946000,0 days 00:00:43.008000,0 days 00:00:39.051000,0 days 00:00:38.814000,0 days 01:18:25.681000,0 days 01:19:04.732000,0 days 01:19:43.546000,184.0,275.0,,272.0,False,SOFT,6.0,False,AlphaTauri,0 days 01:17:42.673000,2020-09-26 13:02:42.722,1,,False,,False,False
0 days 01:24:13.472000,GAS,10,,19.0,7.0,0 days 01:21:56.798000,,,0 days 00:00:42.718000,0 days 00:00:47.489000,,0 days 01:23:26.004000,0 days 01:24:13.474000,118.0,300.0,171.0,272.0,False,SOFT,1.0,True,AlphaTauri,0 days 01:19:43.546000,2020-09-26 13:04:43.595,1,,False,,False,False
0 days 01:25:46.472000,GAS,10,0 days 00:01:33,20.0,7.0,,,0 days 00:00:34.029000,0 days 00:00:31.984000,0 days 00:00:26.987000,0 days 01:24:47.501000,0 days 01:25:19.485000,0 days 01:25:46.472000,275.0,320.0,168.0,327.0,True,SOFT,2.0,True,AlphaTauri,0 days 01:24:13.472000,2020-09-26 13:09:13.521,1,,False,,False,True
0 days 01:27:49.335000,GAS,10,,21.0,7.0,,0 days 01:27:49.335000,0 days 00:00:48.400000,0 days 00:00:38.716000,,0 days 01:26:34.963000,0 days 01:27:13.604000,,224.0,188.0,,255.0,False,SOFT,3.0,True,AlphaTauri,0 days 01:25:46.472000,2020-09-26 13:10:46.521,1,,False,,False,False
0 days 00:23:49.933000,ALB,23,,1.0,1.0,0 days 00:21:19.872000,,,0 days 00:00:49.362000,0 days 00:00:48.264000,,0 days 00:23:01.691000,0 days 00:23:50.133000,160.0,242.0,166.0,235.0,False,SOFT,1.0,True,Red Bull Racing,0 days 00:21:19.872000,2020-09-26 12:06:19.921,1,,False,,False,False
0 days 00:25:24.314000,ALB,23,0 days 00:01:34.381000,2.0,1.0,,,0 days 00:00:34.417000,0 days 00:00:32.538000,0 days 00:00:27.426000,0 days 00:24:24.350000,0 days 00:24:56.888000,0 days 00:25:24.314000,272.0,320.0,164.0,321.0,True,SOFT,2.0,True,Red Bull Racing,0 days 00:23:49.933000,2020-09-26 12:08:49.982,1,,False,,False,True
0 days 00:28:06.750000,ALB,23,,3.0,1.0,,0 days 00:27:13.124000,0 days 00:00:43.291000,0 days 00:00:37.243000,0 days 00:01:21.994000,0 days 00:26:07.513000,0 days 00:26:44.833000,0 days 00:28:07.337000,225.0,268.0,,220.0,False,SOFT,3.0,True,Red Bull Racing,0 days 00:25:24.314000,2020-09-26 12:10:24.363,1,,False,,False,False
0 days 00:32:27.834000,ALB,23,,4.0,2.0,0 days 00:29:57.149000,,,0 days 00:00:43.662000,0 days 00:00:58.880000,,0 days 00:31:28.954000,0 days 00:32:28.060000,186.0,250.0,170.0,218.0,False,SOFT,1.0,True,Red Bull Racing,0 days 00:28:06.750000,2020-09-26 12:13:06.799,1,,False,,False,False
0 days 00:34:01.753000,ALB,23,0 days 00:01:33.919000,5.0,2.0,,,0 days 00:00:34.174000,0 days 00:00:32.500000,0 days 00:00:27.245000,0 days 00:33:02.008000,0 days 00:33:34.508000,0 days 00:34:01.753000,274.0,313.0,167.0,321.0,True,SOFT,2.0,True,Red Bull Racing,0 days 00:32:27.834000,2020-09-26 12:17:27.883,1,,False,,False,True
0 days 00:36:07.673000,ALB,23,0 days 00:02:05.920000,6.0,2.0,,0 days 00:35:59.634000,0 days 00:00:44.051000,0 days 00:00:42.065000,0 days 00:00:39.804000,0 days 00:34:45.804000,0 days 00:35:27.869000,0 days 00:36:07.673000,180.0,231.0,,203.0,False,SOFT,3.0,True,Red Bull Racing,0 days 00:34:01.753000,2020-09-26 12:19:01.802,1,,False,,False,False
0 days 00:43:40.428000,ALB,23,,7.0,3.0,0 days 00:41:25.741000,,,0 days 00:00:44.827000,0 days 00:00:41.247000,,0 days 00:42:59.217000,0 days 00:43:40.501000,195.0,232.0,172.0,206.0,False,SOFT,1.0,True,Red Bull Racing,0 days 00:36:07.673000,2020-09-26 12:21:07.722,1,,False,,False,False
0 days 00:45:13.697000,ALB,23,0 days 00:01:33.269000,8.0,3.0,,,0 days 00:00:34.038000,0 days 00:00:32.214000,0 days 00:00:27.017000,0 days 00:44:14.466000,0 days 00:44:46.680000,0 days 00:45:13.697000,273.0,313.0,169.0,322.0,True,SOFT,2.0,True,Red Bull Racing,0 days 00:43:40.428000,2020-09-26 12:28:40.477,1,,False,,False,True
0 days 00:47:21.263000,ALB,23,0 days 00:02:07.566000,9.0,3.0,,0 days 00:47:13.132000,0 days 00:00:47.132000,0 days 00:00:39.490000,0 days 00:00:40.944000,0 days 00:46:00.829000,0 days 00:46:40.319000,0 days 00:47:21.263000,218.0,212.0,,195.0,False,SOFT,3.0,True,Red Bull Racing,0 days 00:45:13.697000,2020-09-26 12:30:13.746,1,,False,,False,False
0 days 01:03:03.472000,ALB,23,,10.0,4.0,0 days 00:50:57.884000,0 days 00:53:17.889000,,0 days 00:00:47.906000,,,0 days 00:52:35.691000,,200.0,190.0,,194.0,False,SOFT,1.0,True,Red Bull Racing,0 days 00:47:21.263000,2020-09-26 12:32:21.312,125,,False,,False,False
0 days 01:04:55.745000,ALB,23,,11.0,5.0,0 days 01:03:03.472000,,,0 days 00:00:38.931000,0 days 00:00:34.490000,,0 days 01:04:21.314000,0 days 01:04:55.840000,231.0,250.0,176.0,255.0,False,SOFT,2.0,False,Red Bull Racing,0 days 01:03:03.472000,2020-09-26 12:48:03.521,1,,False,,False,False
0 days 01:06:28.898000,ALB,23,0 days 00:01:33.153000,12.0,5.0,,,0 days 00:00:34.053000,0 days 00:00:32.086000,0 days 00:00:27.014000,0 days 01:05:29.798000,0 days 01:06:01.884000,0 days 01:06:28.898000,274.0,314.0,162.0,321.0,True,SOFT,3.0,False,Red Bull Racing,0 days 01:04:55.745000,2020-09-26 12:49:55.794,1,,False,,False,True
0 days 01:08:41.003000,ALB,23,0 days 00:02:12.105000,13.0,5.0,,0 days 01:08:32.629000,0 days 00:00:47.614000,0 days 00:00:42.941000,0 days 00:00:41.550000,0 days 01:07:16.512000,0 days 01:07:59.453000,0 days 01:08:41.003000,189.0,230.0,,211.0,False,SOFT,4.0,False,Red Bull Racing,0 days 01:06:28.898000,2020-09-26 12:51:28.947,1,,False,,False,False
0 days 01:16:56.476000,ALB,23,,14.0,6.0,0 days 01:14:39.258000,,,0 days 00:00:41.792000,0 days 00:00:48.995000,,0 days 01:16:07.543000,0 days 01:16:56.526000,218.0,231.0,171.0,200.0,False,SOFT,4.0,False,Red Bull Racing,0 days 01:08:41.003000,2020-09-26 12:53:41.052,1,,False,,False,False
0 days 01:18:29.842000,ALB,23,0 days 00:01:33.366000,15.0,6.0,,,0 days 00:00:34.092000,0 days 00:00:32.187000,0 days 00:00:27.087000,0 days 01:17:30.568000,0 days 01:18:02.755000,0 days 01:18:29.842000,271.0,314.0,164.0,319.0,True,SOFT,5.0,False,Red Bull Racing,0 days 01:16:56.476000,2020-09-26 13:01:56.525,1,,False,,False,True
0 days 01:20:25.953000,ALB,23,0 days 00:01:56.111000,16.0,6.0,,0 days 01:20:17.791000,0 days 00:00:41.709000,0 days 00:00:37.195000,0 days 00:00:37.207000,0 days 01:19:11.551000,0 days 01:19:48.746000,0 days 01:20:25.953000,230.0,253.0,,240.0,False,SOFT,6.0,False,Red Bull Racing,0 days 01:18:29.842000,2020-09-26 13:03:29.891,1,,False,,False,False
0 days 01:25:14.003000,ALB,23,,17.0,7.0,0 days 01:22:52.940000,,,0 days 00:00:52.798000,0 days 00:00:40.553000,,0 days 01:24:33.474000,0 days 01:25:14.008000,186.0,229.0,175.0,219.0,False,SOFT,1.0,True,Red Bull Racing,0 days 01:20:25.953000,2020-09-26 13:05:26.002,1,,False,,False,False
0 days 01:26:47.011000,ALB,23,0 days 00:01:33.008000,18.0,7.0,,,0 days 00:00:33.940000,0 days 00:00:32.102000,0 days 00:00:26.966000,0 days 01:25:47.943000,0 days 01:26:20.045000,0 days 01:26:47.011000,273.0,314.0,168.0,320.0,True,SOFT,2.0,True,Red Bull Racing,0 days 01:25:14.003000,2020-09-26 13:10:14.052,1,,False,,False,True
0 days 01:28:49.057000,ALB,23,,19.0,7.0,,0 days 01:28:49.057000,0 days 00:00:49.126000,0 days 00:00:43.586000,,0 days 01:27:36.158000,0 days 01:28:19.717000,,149.0,231.0,,227.0,False,SOFT,3.0,True,Red Bull Racing,0 days 01:26:47.011000,2020-09-26 13:11:47.060,1,,False,,False,False
0 days 00:20:46.746000,LEC,16,,1.0,1.0,0 days 00:18:29.477000,,,0 days 00:00:45.934000,0 days 00:00:41.290000,,0 days 00:20:05.515000,0 days 00:20:47.035000,148.0,196.0,174.0,202.0,False,SOFT,1.0,True,Ferrari,0 days 00:18:29.477000,2020-09-26 12:03:29.526,1,,False,,False,False
0 days 00:22:20.817000,LEC,16,0 days 00:01:34.071000,2.0,1.0,,,0 days 00:00:34.045000,0 days 00:00:32.505000,0 days 00:00:27.521000,0 days 00:21:20.791000,0 days 00:21:53.296000,0 days 00:22:20.817000,271.0,308.0,167.0,321.0,True,SOFT,2.0,True,Ferrari,0 days 00:20:46.746000,2020-09-26 12:05:46.795,1,,False,,False,True
0 days 00:24:25.767000,LEC,16,0 days 00:02:04.950000,3.0,1.0,,0 days 00:24:17.644000,0 days 00:00:44.376000,0 days 00:00:42.066000,0 days 00:00:38.508000,0 days 00:23:05.193000,0 days 00:23:47.259000,0 days 00:24:25.767000,191.0,210.0,,212.0,False,SOFT,3.0,True,Ferrari,0 days 00:22:20.817000,2020-09-26 12:07:20.866,1,,False,,False,False
0 days 00:42:40.014000,LEC,16,,4.0,2.0,0 days 00:40:14.506000,,,0 days 00:00:47.669000,0 days 00:00:47.450000,,0 days 00:41:52.622000,0 days 00:42:40.107000,177.0,192.0,175.0,175.0,False,SOFT,1.0,True,Ferrari,0 days 00:24:25.767000,2020-09-26 12:09:25.816,1,,False,,False,False
0 days 00:44:13.253000,LEC,16,0 days 00:01:33.239000,5.0,2.0,,,0 days 00:00:33.967000,0 days 00:00:32.254000,0 days 00:00:27.018000,0 days 00:43:13.981000,0 days 00:43:46.235000,0 days 00:44:13.253000,272.0,314.0,160.0,319.0,True,SOFT,2.0,True,Ferrari,0 days 00:42:40.014000,2020-09-26 12:27:40.063,1,,False,,False,True
0 days 00:46:21.636000,LEC,16,0 days 00:02:08.383000,6.0,2.0,,0 days 00:46:13.431000,0 days 00:00:44.879000,0 days 00:00:43.308000,0 days 00:00:40.196000,0 days 00:44:58.132000,0 days 00:45:41.440000,0 days 00:46:21.636000,178.0,176.0,,225.0,False,SOFT,3.0,True,Ferrari,0 days 00:44:13.253000,2020-09-26 12:29:13.302,1,,False,,False,False
0 days 00:52:10.562000,LEC,16,,7.0,3.0,0 days 00:49:56.345000,,,0 days 00:00:45.440000,0 days 00:00:45.566000,,0 days 00:51:25.046000,0 days 00:52:10.562000,175.0,178.0,168.0,227.0,False,SOFT,1.0,True,Ferrari,0 days 00:46:21.636000,2020-09-26 12:31:21.685,1,,False,,False,False
0 days 01:03:11.522000,LEC,16,,8.0,3.0,,0 days 00:54:12.259000,,,,,,,,,,319.0,False,SOFT,2.0,True,Ferrari,0 days 00:52:10.562000,2020-09-26 12:37:10.611,125,,False,,False,False
0 days 01:05:06.926000,LEC,16,,9.0,4.0,0 days 01:03:11.400000,,,0 days 00:00:36.089000,0 days 00:00:32.165000,,0 days 01:04:34.777000,0 days 01:05:06.938000,233.0,279.0,174.0,238.0,False,SOFT,1.0,True,Ferrari,0 days 01:03:11.400000,2020-09-26 12:48:11.449,1,,False,,False,False
0 days 01:06:51.633000,LEC,16,0 days 00:01:44.707000,10.0,4.0,,0 days 01:06:42.024000,0 days 00:00:34.140000,0 days 00:00:32.442000,0 days 00:00:38.125000,0 days 01:05:41.066000,0 days 01:06:13.508000,0 days 01:06:51.633000,270.0,325.0,,336.0,False,SOFT,2.0,True,Ferrari,0 days 01:05:06.926000,2020-09-26 12:50:06.975,1,,False,,False,False
0 days 00:19:45.233000,KVY,26,,1.0,1.0,0 days 00:17:12.471000,,,0 days 00:00:49.685000,0 days 00:00:47.304000,,0 days 00:18:57.929000,0 days 00:19:45.554000,213.0,148.0,159.0,192.0,False,SOFT,1.0,True,AlphaTauri,0 days 00:17:12.471000,2020-09-26 12:02:12.520,1,,False,,False,False
0 days 00:21:20.050000,KVY,26,0 days 00:01:34.817000,2.0,1.0,,,0 days 00:00:34.605000,0 days 00:00:32.745000,0 days 00:00:27.467000,0 days 00:20:19.838000,0 days 00:20:52.583000,0 days 00:21:20.050000,275.0,314.0,168.0,326.0,True,SOFT,2.0,True,AlphaTauri,0 days 00:19:45.233000,2020-09-26 12:04:45.282,1,,False,,False,True
0 days 00:23:54.222000,KVY,26,,3.0,1.0,,,0 days 00:00:51.240000,0 days 00:00:50.640000,0 days 00:00:52.308000,0 days 00:22:11.304000,0 days 00:23:02.062000,0 days 00:23:54.465000,213.0,167.0,163.0,270.0,False,SOFT,3.0,True,AlphaTauri,0 days 00:21:20.050000,2020-09-26 12:06:20.099,1,,False,,False,False
0 days 00:25:28.804000,KVY,26,0 days 00:01:34.582000,4.0,1.0,,,0 days 00:00:34.643000,0 days 00:00:32.617000,0 days 00:00:27.322000,0 days 00:24:28.865000,0 days 00:25:01.482000,0 days 00:25:28.804000,277.0,318.0,167.0,328.0,True,SOFT,4.0,True,AlphaTauri,0 days 00:23:54.222000,2020-09-26 12:08:54.271,1,,False,,False,True
0 days 00:27:23.653000,KVY,26,0 days 00:01:54.849000,5.0,1.0,,0 days 00:27:15.550000,0 days 00:00:39.543000,0 days 00:00:37.302000,0 days 00:00:38.004000,0 days 00:26:08.347000,0 days 00:26:45.649000,0 days 00:27:23.653000,211.0,232.0,,237.0,False,SOFT,5.0,True,AlphaTauri,0 days 00:25:28.804000,2020-09-26 12:10:28.853,1,,False,,False,False
0 days 00:31:57.700000,KVY,26,,6.0,2.0,0 days 00:29:17.137000,,,0 days 00:00:41.286000,0 days 00:01:05.604000,,0 days 00:30:52.218000,0 days 00:31:57.934000,214.0,147.0,167.0,265.0,False,SOFT,1.0,True,AlphaTauri,0 days 00:27:23.653000,2020-09-26 12:12:23.702,1,,False,,False,False
0 days 00:33:31.211000,KVY,26,0 days 00:01:33.511000,7.0,2.0,,,0 days 00:00:34.077000,0 days 00:00:32.482000,0 days 00:00:26.952000,0 days 00:32:31.777000,0 days 00:33:04.259000,0 days 00:33:31.211000,278.0,316.0,168.0,327.0,True,SOFT,2.0,True,AlphaTauri,0 days 00:31:57.700000,2020-09-26 12:16:57.749,1,,False,,False,True
0 days 00:35:36.908000,KVY,26,0 days 00:02:05.697000,8.0,2.0,,0 days 00:35:28.815000,0 days 00:00:44.490000,0 days 00:00:41.481000,0 days 00:00:39.726000,0 days 00:34:15.701000,0 days 00:34:57.182000,0 days 00:35:36.908000,189.0,210.0,,199.0,False,SOFT,3.0,True,AlphaTauri,0 days 00:33:31.211000,2020-09-26 12:18:31.260,1,,False,,False,False
0 days 00:42:59.637000,KVY,26,,9.0,3.0,0 days 00:40:23.388000,,,0 days 00:00:46.833000,0 days 00:00:59.440000,,0 days 00:42:00.272000,0 days 00:42:59.717000,217.0,137.0,169.0,259.0,False,SOFT,1.0,True,AlphaTauri,0 days 00:35:36.908000,2020-09-26 12:20:36.957,1,,False,,False,False
0 days 00:44:32.886000,KVY,26,0 days 00:01:33.249000,10.0,3.0,,,0 days 00:00:33.939000,0 days 00:00:32.204000,0 days 00:00:27.106000,0 days 00:43:33.576000,0 days 00:44:05.780000,0 days 00:44:32.886000,277.0,319.0,169.0,326.0,True,SOFT,2.0,True,AlphaTauri,0 days 00:42:59.637000,2020-09-26 12:27:59.686,1,,False,,False,True
0 days 00:46:30.580000,KVY,26,0 days 00:01:57.694000,11.0,3.0,,0 days 00:46:22.365000,0 days 00:00:40.197000,0 days 00:00:38.345000,0 days 00:00:39.152000,0 days 00:45:13.083000,0 days 00:45:51.428000,0 days 00:46:30.580000,221.0,204.0,,255.0,False,SOFT,3.0,True,AlphaTauri,0 days 00:44:32.886000,2020-09-26 12:29:32.935,1,,False,,False,False
0 days 00:52:15.341000,KVY,26,,12.0,4.0,0 days 00:50:00.330000,,,0 days 00:00:44.700000,0 days 00:00:47.171000,,0 days 00:51:28.170000,0 days 00:52:15.373000,225.0,144.0,172.0,263.0,False,SOFT,1.0,True,AlphaTauri,0 days 00:46:30.580000,2020-09-26 12:31:30.629,1,,False,,False,False
0 days 01:03:10.022000,KVY,26,,13.0,4.0,,0 days 00:54:17.463000,,,,,,,,,,327.0,False,SOFT,2.0,True,AlphaTauri,0 days 00:52:15.341000,2020-09-26 12:37:15.390,125,,False,,False,False
0 days 01:05:06.347000,KVY,26,,14.0,5.0,0 days 01:03:09.920000,,,0 days 00:00:36.373000,0 days 00:00:31.947000,,0 days 01:04:34.451000,0 days 01:05:06.430000,245.0,291.0,172.0,255.0,False,SOFT,3.0,False,AlphaTauri,0 days 01:03:09.920000,2020-09-26 12:48:09.969,1,,False,,False,False
0 days 01:06:39.930000,KVY,26,0 days 00:01:33.583000,15.0,5.0,,,0 days 00:00:34.115000,0 days 00:00:32.316000,0 days 00:00:27.152000,0 days 01:05:40.462000,0 days 01:06:12.778000,0 days 01:06:39.930000,277.0,321.0,165.0,329.0,False,SOFT,4.0,False,AlphaTauri,0 days 01:05:06.347000,2020-09-26 12:50:06.396,1,,False,,False,True
0 days 01:09:33.569000,KVY,26,0 days 00:02:53.639000,16.0,5.0,,0 days 01:08:39.555000,0 days 00:00:45.941000,0 days 00:00:39.115000,0 days 00:01:28.583000,0 days 01:07:25.871000,0 days 01:08:04.986000,0 days 01:09:33.569000,212.0,218.0,,188.0,False,SOFT,5.0,False,AlphaTauri,0 days 01:06:39.930000,2020-09-26 12:51:39.979,1,,False,,False,False
0 days 00:20:06.699000,STR,18,,1.0,1.0,0 days 00:17:45.691000,,,0 days 00:00:55.282000,0 days 00:00:35.029000,,0 days 00:19:31.690000,0 days 00:20:07.005000,140.0,168.0,170.0,174.0,False,SOFT,1.0,True,Racing Point,0 days 00:17:45.691000,2020-09-26 12:02:45.740,1,,False,,False,False
0 days 00:21:41.171000,STR,18,0 days 00:01:34.472000,2.0,1.0,,,0 days 00:00:34.227000,0 days 00:00:32.696000,0 days 00:00:27.549000,0 days 00:20:40.926000,0 days 00:21:13.622000,0 days 00:21:41.171000,274.0,318.0,163.0,326.0,True,SOFT,2.0,True,Racing Point,0 days 00:20:06.699000,2020-09-26 12:05:06.748,1,,False,,False,True
0 days 00:23:37.744000,STR,18,0 days 00:01:56.573000,3.0,1.0,,0 days 00:23:29.650000,0 days 00:00:42.132000,0 days 00:00:37.277000,0 days 00:00:37.164000,0 days 00:22:23.303000,0 days 00:23:00.580000,0 days 00:23:37.744000,254.0,279.0,,161.0,False,SOFT,3.0,True,Racing Point,0 days 00:21:41.171000,2020-09-26 12:06:41.220,1,,False,,False,False
0 days 00:32:10.339000,STR,18,,4.0,2.0,0 days 00:29:35.669000,,,0 days 00:00:46.979000,0 days 00:01:00.591000,,0 days 00:31:09.748000,0 days 00:32:10.580000,184.0,258.0,166.0,189.0,False,SOFT,1.0,True,Racing Point,0 days 00:23:37.744000,2020-09-26 12:08:37.793,1,,False,,False,False
0 days 00:33:44.191000,STR,18,0 days 00:01:33.852000,5.0,2.0,,,0 days 00:00:34.052000,0 days 00:00:32.407000,0 days 00:00:27.393000,0 days 00:32:44.391000,0 days 00:33:16.798000,0 days 00:33:44.191000,276.0,321.0,168.0,329.0,True,SOFT,2.0,True,Racing Point,0 days 00:32:10.339000,2020-09-26 12:17:10.388,1,,False,,False,True
0 days 00:35:40.153000,STR,18,0 days 00:01:55.962000,6.0,2.0,,0 days 00:35:32.039000,0 days 00:00:40.777000,0 days 00:00:38.316000,0 days 00:00:36.869000,0 days 00:34:24.968000,0 days 00:35:03.284000,0 days 00:35:40.153000,212.0,249.0,,243.0,False,SOFT,3.0,True,Racing Point,0 days 00:33:44.191000,2020-09-26 12:18:44.240,1,,False,,False,False
0 days 00:43:17.852000,STR,18,,7.0,3.0,0 days 00:40:28.789000,,,0 days 00:00:41.604000,0 days 00:01:10.652000,,0 days 00:42:07.244000,0 days 00:43:17.859000,162.0,190.0,168.0,181.0,False,SOFT,1.0,True,Racing Point,0 days 00:35:40.153000,2020-09-26 12:20:40.202,1,,False,,False,False
0 days 00:44:51.216000,STR,18,0 days 00:01:33.364000,8.0,3.0,,,0 days 00:00:33.870000,0 days 00:00:32.194000,0 days 00:00:27.300000,0 days 00:43:51.722000,0 days 00:44:23.916000,0 days 00:44:51.216000,275.0,319.0,169.0,328.0,True,SOFT,2.0,True,Racing Point,0 days 00:43:17.852000,2020-09-26 12:28:17.901,1,,False,,False,True
0 days 00:46:52.084000,STR,18,0 days 00:02:00.868000,9.0,3.0,,0 days 00:46:42.047000,0 days 00:00:37.395000,0 days 00:00:41.864000,0 days 00:00:41.609000,0 days 00:45:28.611000,0 days 00:46:10.475000,0 days 00:46:52.084000,211.0,206.0,,283.0,False,SOFT,3.0,True,Racing Point,0 days 00:44:51.216000,2020-09-26 12:29:51.265,1,,False,,False,False
0 days 00:51:54.250000,STR,18,,10.0,4.0,0 days 00:49:24.337000,,,0 days 00:00:47.500000,0 days 00:00:48.435000,,0 days 00:51:05.815000,0 days 00:51:54.264000,152.0,163.0,173.0,151.0,False,SOFT,1.0,True,Racing Point,0 days 00:46:52.084000,2020-09-26 12:31:52.133,1,,False,,False,False
0 days 00:53:50.244000,STR,18,,11.0,4.0,,0 days 00:53:50.244000,0 days 00:00:34.074000,,,0 days 00:52:28.335000,,,274.0,,,322.0,False,SOFT,2.0,True,Racing Point,0 days 00:51:54.250000,2020-09-26 12:36:54.299,125,,False,,False,False
0 days 00:17:17.937000,RUS,63,,1.0,1.0,0 days 00:15:05.845000,,,0 days 00:00:47.658000,0 days 00:00:39.234000,,0 days 00:16:38.712000,0 days 00:17:18.230000,178.0,151.0,172.0,247.0,False,MEDIUM,1.0,True,Williams,0 days 00:15:05.845000,2020-09-26 12:00:05.894,1,,False,,False,False
0 days 00:19:00.188000,RUS,63,0 days 00:01:42.251000,2.0,1.0,,0 days 00:18:52.252000,0 days 00:00:34.822000,0 days 00:00:33.359000,0 days 00:00:34.070000,0 days 00:17:52.759000,0 days 00:18:26.118000,0 days 00:19:00.188000,266.0,314.0,,331.0,False,MEDIUM,2.0,True,Williams,0 days 00:17:17.937000,2020-09-26 12:02:17.986,1,,False,,False,False
0 days 00:23:36.171000,RUS,63,,3.0,2.0,0 days 00:21:16.813000,,,0 days 00:00:47.043000,0 days 00:00:44.051000,,0 days 00:22:52.248000,0 days 00:23:36.424000,197.0,168.0,171.0,270.0,False,SOFT,1.0,True,Williams,0 days 00:19:00.188000,2020-09-26 12:04:00.237,1,,False,,False,False
0 days 00:25:10.800000,RUS,63,0 days 00:01:34.629000,4.0,2.0,,,0 days 00:00:34.315000,0 days 00:00:32.581000,0 days 00:00:27.733000,0 days 00:24:10.486000,0 days 00:24:43.067000,0 days 00:25:10.800000,273.0,321.0,169.0,332.0,True,SOFT,2.0,True,Williams,0 days 00:23:36.171000,2020-09-26 12:08:36.220,1,,False,,False,True
0 days 00:27:01.979000,RUS,63,0 days 00:01:51.179000,5.0,2.0,,0 days 00:26:53.997000,0 days 00:00:38.746000,0 days 00:00:36.137000,0 days 00:00:36.296000,0 days 00:25:49.546000,0 days 00:26:25.683000,0 days 00:27:01.979000,245.0,295.0,,272.0,False,SOFT,3.0,True,Williams,0 days 00:25:10.800000,2020-09-26 12:10:10.849,1,,False,,False,False
0 days 00:32:33.739000,RUS,63,,6.0,3.0,0 days 00:30:07.961000,,,0 days 00:00:46.938000,0 days 00:00:49.935000,,0 days 00:31:43.821000,0 days 00:32:34.013000,208.0,138.0,170.0,269.0,False,SOFT,1.0,True,Williams,0 days 00:27:01.979000,2020-09-26 12:12:02.028,1,,False,,False,False
0 days 00:34:07.759000,RUS,63,0 days 00:01:34.020000,7.0,3.0,,,0 days 00:00:34.034000,0 days 00:00:32.475000,0 days 00:00:27.511000,0 days 00:33:07.773000,0 days 00:33:40.248000,0 days 00:34:07.759000,272.0,322.0,167.0,333.0,True,SOFT,2.0,True,Williams,0 days 00:32:33.739000,2020-09-26 12:17:33.788,1,,False,,False,True
0 days 00:36:20.230000,RUS,63,0 days 00:02:12.471000,8.0,3.0,,0 days 00:36:12.298000,0 days 00:00:50.655000,0 days 00:00:42.820000,0 days 00:00:38.996000,0 days 00:34:58.414000,0 days 00:35:41.234000,0 days 00:36:20.230000,194.0,133.0,,202.0,False,SOFT,3.0,True,Williams,0 days 00:34:07.759000,2020-09-26 12:19:07.808,1,,False,,False,False
0 days 00:48:28.681000,RUS,63,,9.0,4.0,0 days 00:46:03.985000,,,0 days 00:00:49.332000,0 days 00:00:42.296000,,0 days 00:47:46.452000,0 days 00:48:28.726000,202.0,151.0,172.0,237.0,False,SOFT,1.0,True,Williams,0 days 00:36:20.230000,2020-09-26 12:21:20.279,1,,False,,False,False
0 days 00:50:02.264000,RUS,63,0 days 00:01:33.583000,10.0,4.0,,,0 days 00:00:33.870000,0 days 00:00:32.358000,0 days 00:00:27.355000,0 days 00:49:02.551000,0 days 00:49:34.909000,0 days 00:50:02.264000,276.0,318.0,161.0,328.0,True,SOFT,2.0,True,Williams,0 days 00:48:28.681000,2020-09-26 12:33:28.730,1,,False,,False,True
0 days 00:52:16.743000,RUS,63,0 days 00:02:14.479000,11.0,4.0,,0 days 00:52:08.693000,0 days 00:00:48.949000,0 days 00:00:42.839000,0 days 00:00:42.691000,0 days 00:50:51.213000,0 days 00:51:34.052000,0 days 00:52:16.743000,168.0,162.0,,212.0,False,SOFT,3.0,True,Williams,0 days 00:50:02.264000,2020-09-26 12:35:02.313,1,,False,,False,False
0 days 00:20:54.877000,VET,5,,1.0,1.0,0 days 00:18:30.819000,,,0 days 00:00:47.577000,0 days 00:00:46.824000,,0 days 00:20:08.139000,0 days 00:20:55.141000,118.0,181.0,172.0,205.0,False,SOFT,1.0,True,Ferrari,0 days 00:18:30.819000,2020-09-26 12:03:30.868,1,,False,,False,False
0 days 00:22:29.607000,VET,5,0 days 00:01:34.730000,2.0,1.0,,,0 days 00:00:34.450000,0 days 00:00:32.785000,0 days 00:00:27.495000,0 days 00:21:29.327000,0 days 00:22:02.112000,0 days 00:22:29.607000,268.0,309.0,166.0,320.0,True,SOFT,2.0,True,Ferrari,0 days 00:20:54.877000,2020-09-26 12:05:54.926,1,,False,,False,True
0 days 00:24:28.436000,VET,5,0 days 00:01:58.829000,3.0,1.0,,0 days 00:24:20.349000,0 days 00:00:41.275000,0 days 00:00:38.371000,0 days 00:00:39.183000,0 days 00:23:10.882000,0 days 00:23:49.253000,0 days 00:24:28.436000,213.0,238.0,,241.0,False,SOFT,3.0,True,Ferrari,0 days 00:22:29.607000,2020-09-26 12:07:29.656,1,,False,,False,False
0 days 00:32:04.027000,VET,5,,4.0,2.0,0 days 00:29:11.970000,,,0 days 00:00:48.480000,0 days 00:01:08.437000,,0 days 00:30:55.590000,0 days 00:32:04.284000,186.0,124.0,166.0,215.0,False,SOFT,1.0,True,Ferrari,0 days 00:24:28.436000,2020-09-26 12:09:28.485,1,,False,,False,False
0 days 00:33:38.161000,VET,5,0 days 00:01:34.134000,5.0,2.0,,,0 days 00:00:34.443000,0 days 00:00:32.338000,0 days 00:00:27.353000,0 days 00:32:38.470000,0 days 00:33:10.808000,0 days 00:33:38.161000,269.0,314.0,167.0,316.0,True,SOFT,2.0,True,Ferrari,0 days 00:32:04.027000,2020-09-26 12:17:04.076,1,,False,,False,True
0 days 00:35:42.658000,VET,5,0 days 00:02:04.497000,6.0,2.0,,0 days 00:35:34.552000,0 days 00:00:45.587000,0 days 00:00:39.952000,0 days 00:00:38.958000,0 days 00:34:23.748000,0 days 00:35:03.700000,0 days 00:35:42.658000,181.0,220.0,,198.0,False,SOFT,3.0,True,Ferrari,0 days 00:33:38.161000,2020-09-26 12:18:38.210,1,,False,,False,False
0 days 00:42:27.859000,VET,5,,7.0,3.0,0 days 00:40:09.595000,,,0 days 00:00:44.303000,0 days 00:00:43.459000,,0 days 00:41:44.415000,0 days 00:42:27.890000,196.0,178.0,171.0,182.0,False,SOFT,1.0,True,Ferrari,0 days 00:35:42.658000,2020-09-26 12:20:42.707,1,,False,,False,False
0 days 00:44:01.468000,VET,5,0 days 00:01:33.609000,8.0,3.0,,,0 days 00:00:34.152000,0 days 00:00:32.378000,0 days 00:00:27.079000,0 days 00:43:02.011000,0 days 00:43:34.389000,0 days 00:44:01.468000,269.0,312.0,170.0,319.0,True,SOFT,2.0,True,Ferrari,0 days 00:42:27.859000,2020-09-26 12:27:27.908,1,,False,,False,True
0 days 00:46:04.384000,VET,5,0 days 00:02:02.916000,9.0,3.0,,0 days 00:45:56.183000,0 days 00:00:43.395000,0 days 00:00:39.269000,0 days 00:00:40.252000,0 days 00:44:44.863000,0 days 00:45:24.132000,0 days 00:46:04.384000,200.0,237.0,,226.0,False,SOFT,3.0,True,Ferrari,0 days 00:44:01.468000,2020-09-26 12:29:01.517,1,,False,,False,False
0 days 00:52:03.883000,VET,5,,10.0,4.0,0 days 00:49:46.846000,,,0 days 00:00:45.214000,0 days 00:00:47.235000,,0 days 00:51:16.651000,0 days 00:52:03.883000,185.0,211.0,174.0,202.0,False,SOFT,1.0,True,Ferrari,0 days 00:46:04.384000,2020-09-26 12:31:04.433,1,,False,,False,False
0 days 01:01:06.587000,VET,5,,11.0,4.0,,0 days 01:01:06.587000,,,,,,,,,,316.0,False,SOFT,2.0,True,Ferrari,0 days 00:52:03.883000,2020-09-26 12:37:03.932,125,,False,,False,False
0 days 00:19:33.081000,GRO,8,,1.0,1.0,0 days 00:17:14.094000,,,0 days 00:00:43.181000,0 days 00:00:45.996000,,0 days 00:18:47.178000,0 days 00:19:33.318000,172.0,236.0,164.0,188.0,False,SOFT,1.0,True,Haas F1 Team,0 days 00:17:14.094000,2020-09-26 12:02:14.143,1,,False,,False,False
0 days 00:21:08.061000,GRO,8,0 days 00:01:34.980000,2.0,1.0,,,0 days 00:00:34.746000,0 days 00:00:32.782000,0 days 00:00:27.452000,0 days 00:20:07.827000,0 days 00:20:40.609000,0 days 00:21:08.061000,270.0,314.0,170.0,322.0,False,SOFT,2.0,True,Haas F1 Team,0 days 00:19:33.081000,2020-09-26 12:04:33.130,1,,True,TRACK LIMITS AT TURN 2,False,True
0 days 00:23:40.715000,GRO,8,,3.0,1.0,,,0 days 00:00:56.052000,0 days 00:00:50.831000,0 days 00:00:45.802000,0 days 00:22:04.085000,0 days 00:22:54.913000,0 days 00:23:40.964000,141.0,273.0,166.0,170.0,False,SOFT,3.0,True,Haas F1 Team,0 days 00:21:08.061000,2020-09-26 12:06:08.110,1,,False,,False,False
0 days 00:25:37.056000,GRO,8,0 days 00:01:56.341000,4.0,1.0,,0 days 00:25:29.042000,0 days 00:00:34.752000,0 days 00:00:40.333000,0 days 00:00:41.256000,0 days 00:24:15.467000,0 days 00:24:55.800000,0 days 00:25:37.056000,267.0,265.0,,321.0,False,SOFT,4.0,True,Haas F1 Team,0 days 00:23:40.715000,2020-09-26 12:08:40.764,1,,False,,False,False
0 days 00:31:33.740000,GRO,8,,5.0,2.0,0 days 00:29:10.690000,,,0 days 00:00:41.754000,0 days 00:00:54.290000,,0 days 00:30:39.460000,0 days 00:31:33.981000,190.0,255.0,170.0,253.0,False,SOFT,1.0,True,Haas F1 Team,0 days 00:25:37.056000,2020-09-26 12:10:37.105,1,,False,,False,False
0 days 00:33:08.332000,GRO,8,0 days 00:01:34.592000,6.0,2.0,,,0 days 00:00:34.611000,0 days 00:00:32.728000,0 days 00:00:27.253000,0 days 00:32:08.351000,0 days 00:32:41.079000,0 days 00:33:08.332000,272.0,314.0,168.0,323.0,True,SOFT,2.0,True,Haas F1 Team,0 days 00:31:33.740000,2020-09-26 12:16:33.789,1,,False,,False,True
0 days 00:35:11.276000,GRO,8,0 days 00:02:02.944000,7.0,2.0,,0 days 00:35:03.165000,0 days 00:00:43.912000,0 days 00:00:39.959000,0 days 00:00:39.073000,0 days 00:33:52.244000,0 days 00:34:32.203000,0 days 00:35:11.276000,184.0,236.0,,192.0,False,SOFT,3.0,True,Haas F1 Team,0 days 00:33:08.332000,2020-09-26 12:18:08.381,1,,False,,False,False
0 days 00:19:28.954000,GIO,99,,1.0,1.0,0 days 00:17:11.190000,,,0 days 00:00:43.686000,0 days 00:00:42.185000,,0 days 00:18:46.873000,0 days 00:19:29.223000,151.0,238.0,170.0,103.0,False,SOFT,1.0,True,Alfa Romeo Racing,0 days 00:17:11.190000,2020-09-26 12:02:11.239,1,,False,,False,False
0 days 00:21:04.974000,GIO,99,0 days 00:01:36.020000,2.0,1.0,,,0 days 00:00:34.514000,0 days 00:00:33.634000,0 days 00:00:27.872000,0 days 00:20:03.468000,0 days 00:20:37.102000,0 days 00:21:04.974000,272.0,314.0,164.0,323.0,True,SOFT,2.0,True,Alfa Romeo Racing,0 days 00:19:28.954000,2020-09-26 12:04:29.003,1,,False,,False,True
0 days 00:23:02.835000,GIO,99,0 days 00:01:57.861000,3.0,1.0,,0 days 00:22:54.773000,0 days 00:00:41.340000,0 days 00:00:39.022000,0 days 00:00:37.499000,0 days 00:21:46.314000,0 days 00:22:25.336000,0 days 00:23:02.835000,192.0,266.0,,231.0,False,SOFT,3.0,True,Alfa Romeo Racing,0 days 00:21:04.974000,2020-09-26 12:06:05.023,1,,False,,False,False
0 days 00:31:26.085000,GIO,99,,4.0,2.0,0 days 00:29:05.927000,,,0 days 00:00:42.505000,0 days 00:00:48.093000,,0 days 00:30:38.074000,0 days 00:31:26.341000,141.0,218.0,170.0,159.0,False,SOFT,1.0,True,Alfa Romeo Racing,0 days 00:23:02.835000,2020-09-26 12:08:02.884,1,,False,,False,False
0 days 00:33:00.679000,GIO,99,0 days 00:01:34.594000,5.0,2.0,,,0 days 00:00:34.358000,0 days 00:00:32.817000,0 days 00:00:27.419000,0 days 00:32:00.443000,0 days 00:32:33.260000,0 days 00:33:00.679000,271.0,312.0,172.0,323.0,True,SOFT,2.0,True,Alfa Romeo Racing,0 days 00:31:26.085000,2020-09-26 12:16:26.134,1,,False,,False,True
0 days 00:34:59.497000,GIO,99,0 days 00:01:58.818000,6.0,2.0,,0 days 00:34:51.316000,0 days 00:00:40.620000,0 days 00:00:38.609000,0 days 00:00:39.589000,0 days 00:33:41.299000,0 days 00:34:19.908000,0 days 00:34:59.497000,181.0,256.0,,214.0,False,SOFT,3.0,True,Alfa Romeo Racing,0 days 00:33:00.679000,2020-09-26 12:18:00.728,1,,False,,False,False
0 days 00:19:38.436000,MAG,20,,1.0,1.0,0 days 00:17:16.184000,,,0 days 00:00:44.520000,0 days 00:00:49.455000,,0 days 00:18:49.093000,0 days 00:19:38.681000,163.0,218.0,159.0,163.0,False,SOFT,1.0,True,Haas F1 Team,0 days 00:17:16.184000,2020-09-26 12:02:16.233,1,,False,,False,False
0 days 00:21:34.024000,MAG,20,0 days 00:01:55.588000,2.0,1.0,,,0 days 00:00:43.634000,0 days 00:00:37.623000,0 days 00:00:34.331000,0 days 00:20:22.070000,0 days 00:20:59.693000,0 days 00:21:34.024000,244.0,275.0,172.0,322.0,False,SOFT,2.0,True,Haas F1 Team,0 days 00:19:38.436000,2020-09-26 12:04:38.485,1,,True,TRACK LIMITS AT TURN 2,False,True
0 days 00:23:45.629000,MAG,20,0 days 00:02:11.605000,3.0,1.0,,,0 days 00:00:34.433000,0 days 00:00:50.732000,0 days 00:00:46.440000,0 days 00:22:08.457000,0 days 00:22:59.189000,0 days 00:23:45.629000,271.0,225.0,167.0,320.0,True,SOFT,3.0,True,Haas F1 Team,0 days 00:21:34.024000,2020-09-26 12:06:34.073,1,,False,,False,True
0 days 00:25:20.759000,MAG,20,0 days 00:01:35.130000,4.0,1.0,,,0 days 00:00:34.498000,0 days 00:00:33.083000,0 days 00:00:27.549000,0 days 00:24:20.127000,0 days 00:24:53.210000,0 days 00:25:20.759000,270.0,311.0,165.0,321.0,True,SOFT,4.0,True,Haas F1 Team,0 days 00:23:45.629000,2020-09-26 12:08:45.678,1,,False,,False,True
0 days 00:27:12.603000,MAG,20,0 days 00:01:51.844000,5.0,1.0,,0 days 00:27:04.526000,0 days 00:00:38.564000,0 days 00:00:37.029000,0 days 00:00:36.251000,0 days 00:25:59.323000,0 days 00:26:36.352000,0 days 00:27:12.603000,229.0,272.0,,269.0,False,SOFT,5.0,True,Haas F1 Team,0 days 00:25:20.759000,2020-09-26 12:10:20.808,1,,False,,False,False
0 days 00:31:44.870000,MAG,20,,6.0,2.0,0 days 00:29:31.502000,,,0 days 00:00:37.373000,0 days 00:00:59.142000,,0 days 00:30:45.809000,0 days 00:31:45.115000,248.0,283.0,172.0,290.0,False,SOFT,1.0,True,Haas F1 Team,0 days 00:27:12.603000,2020-09-26 12:12:12.652,1,,False,,False,False
0 days 00:33:19.551000,MAG,20,0 days 00:01:34.681000,7.0,2.0,,,0 days 00:00:34.582000,0 days 00:00:32.719000,0 days 00:00:27.380000,0 days 00:32:19.452000,0 days 00:32:52.171000,0 days 00:33:19.551000,271.0,314.0,156.0,322.0,True,SOFT,2.0,True,Haas F1 Team,0 days 00:31:44.870000,2020-09-26 12:16:44.919,1,,False,,False,True
0 days 00:36:09.017000,MAG,20,0 days 00:02:49.466000,8.0,2.0,,0 days 00:35:14.710000,0 days 00:00:48.491000,0 days 00:00:39.664000,0 days 00:01:21.311000,0 days 00:34:08.042000,0 days 00:34:47.706000,0 days 00:36:09.017000,218.0,220.0,,208.0,False,SOFT,3.0,True,Haas F1 Team,0 days 00:33:19.551000,2020-09-26 12:18:19.600,1,,False,,False,False
0 days 00:20:50.053000,LAT,6,,1.0,1.0,0 days 00:18:23.101000,,,0 days 00:00:45.850000,0 days 00:00:48.728000,,0 days 00:20:01.325000,0 days 00:20:50.294000,187.0,290.0,163.0,195.0,False,SOFT,1.0,True,Williams,0 days 00:18:23.101000,2020-09-26 12:03:23.150,1,,False,,False,False
0 days 00:23:07.943000,LAT,6,0 days 00:02:17.890000,2.0,1.0,,0 days 00:22:59.887000,0 days 00:00:56.941000,0 days 00:00:43.115000,0 days 00:00:37.834000,0 days 00:21:46.994000,0 days 00:22:30.109000,0 days 00:23:07.943000,161.0,297.0,,332.0,False,SOFT,2.0,True,Williams,0 days 00:20:50.053000,2020-09-26 12:05:50.102,1,,False,,False,False
0 days 00:31:13.148000,LAT,6,,3.0,2.0,0 days 00:28:40.585000,,,0 days 00:00:48.622000,0 days 00:00:45.605000,,0 days 00:30:27.543000,0 days 00:31:13.475000,171.0,125.0,165.0,200.0,False,SOFT,1.0,True,Williams,0 days 00:23:07.943000,2020-09-26 12:08:07.992,1,,False,,False,False
0 days 00:32:48.214000,LAT,6,0 days 00:01:35.066000,4.0,2.0,,,0 days 00:00:34.396000,0 days 00:00:32.927000,0 days 00:00:27.743000,0 days 00:31:47.544000,0 days 00:32:20.471000,0 days 00:32:48.214000,273.0,314.0,161.0,325.0,True,SOFT,2.0,True,Williams,0 days 00:31:13.148000,2020-09-26 12:16:13.197,1,,False,,False,True
0 days 00:34:54.838000,LAT,6,0 days 00:02:06.624000,5.0,2.0,,0 days 00:34:46.609000,0 days 00:00:47.013000,0 days 00:00:39.258000,0 days 00:00:40.353000,0 days 00:33:35.227000,0 days 00:34:14.485000,0 days 00:34:54.838000,220.0,289.0,,248.0,False,SOFT,3.0,True,Williams,0 days 00:32:48.214000,2020-09-26 12:17:48.263,1,,False,,False,False
0 days 00:19:16.250000,RAI,7,,1.0,1.0,0 days 00:17:09.745000,,,0 days 00:00:41.910000,0 days 00:00:32.831000,,0 days 00:18:43.494000,0 days 00:19:16.541000,148.0,195.0,176.0,93.0,False,SOFT,1.0,True,Alfa Romeo Racing,0 days 00:17:09.745000,2020-09-26 12:02:09.794,1,,False,,False,False
0 days 00:20:51.517000,RAI,7,0 days 00:01:35.267000,2.0,1.0,,,0 days 00:00:34.501000,0 days 00:00:33.098000,0 days 00:00:27.668000,0 days 00:19:50.751000,0 days 00:20:23.849000,0 days 00:20:51.517000,269.0,311.0,161.0,320.0,True,SOFT,2.0,True,Alfa Romeo Racing,0 days 00:19:16.250000,2020-09-26 12:04:16.299,1,,False,,False,True
0 days 00:23:28.699000,RAI,7,,3.0,1.0,,0 days 00:22:48.308000,0 days 00:00:48.487000,0 days 00:00:39.086000,0 days 00:01:09.582000,0 days 00:21:40.031000,0 days 00:22:19.203000,0 days 00:23:29.200000,177.0,259.0,,257.0,False,SOFT,3.0,True,Alfa Romeo Racing,0 days 00:20:51.517000,2020-09-26 12:05:51.566,1,,False,,False,False
0 days 00:31:23.330000,RAI,7,,4.0,2.0,0 days 00:29:05.202000,,,0 days 00:00:40.916000,0 days 00:00:48.899000,,0 days 00:30:34.431000,0 days 00:31:23.572000,116.0,252.0,158.0,177.0,False,SOFT,1.0,True,Alfa Romeo Racing,0 days 00:23:28.699000,2020-09-26 12:08:28.748,1,,False,,False,False
0 days 00:33:44.345000,RAI,7,0 days 00:02:21.015000,5.0,2.0,,0 days 00:33:36.270000,0 days 00:00:57.486000,0 days 00:00:45.501000,0 days 00:00:38.028000,0 days 00:32:20.816000,0 days 00:33:06.317000,0 days 00:33:44.345000,197.0,279.0,,321.0,False,SOFT,2.0,True,Alfa Romeo Racing,0 days 00:31:23.330000,2020-09-26 12:16:23.379,1,,False,,False,False
