DriverNumber,BroadcastName,Abbreviation,DriverId,TeamName,TeamColor,TeamId,FirstName,LastName,FullName,HeadshotUrl,CountryCode,Position,ClassifiedPosition,GridPosition,Q1,Q2,Q3,Time,Status,Points,Laps
77,V BOTTAS,BOT,bottas,Mercedes,00D2BE,mercedes,Valtteri,Bottas,Valtteri Bottas,https://www.formula1.com/content/dam/fom-website/drivers/V/VALBOT01_Valtteri_Bottas/valbot01.png.transform/1col/image.png,,1.0,1,1.0,,,,0 days 01:30:55.739000,Finished,25.0,71.0
16,C LECLERC,LEC,leclerc,Ferrari,DC0000,ferrari,Charles,Leclerc,Charles Leclerc,https://www.formula1.com/content/dam/fom-website/drivers/C/CHALEC01_Charles_Leclerc/chalec01.png.transform/1col/image.png,,2.0,2,7.0,,,,0 days 00:00:02.700000,Finished,18.0,71.0
4,L NORRIS,NOR,norris,McLaren,FF8700,mclaren,Lando,Norris,Lando Norris,https://www.formula1.com/content/dam/fom-website/drivers/L/LANNOR01_Lando_Norris/lannor01.png.transform/1col/image.png,,3.0,3,3.0,,,,0 days 00:00:05.491000,Finished,16.0,71.0
44,L HAMILTON,HAM,hamilton,Mercedes,00D2BE,mercedes,Lewis,Hamilton,Lewis Hamilton,https://www.formula1.com/content/dam/fom-website/drivers/L/LEWHAM01_Lewis_Hamilton/lewham01.png.transform/1col/image.png,,4.0,4,5.0,,,,0 days 00:00:05.689000,Finished,12.0,71.0
55,C SAINZ,SAI,sainz,McLaren,FF8700,mclaren,Carlos,Sainz,Carlos Sainz,https://www.formula1.com/content/dam/fom-website/drivers/C/CARSAI01_Carlos_Sainz/carsai01.png.transform/1col/image.png,,5.0,5,8.0,,,,0 days 00:00:08.903000,Finished,10.0,71.0
11,S PEREZ,PER,perez,Racing Point,F596C8,racing_point,Sergio,Perez,Sergio Perez,https://www.formula1.com/content/dam/fom-website/drivers/S/SERPER01_Sergio_Perez/serper01.png.transform/1col/image.png,,6.0,6,6.0,,,,0 days 00:00:15.092000,Finished,8.0,71.0
10,P GASLY,GAS,gasly,AlphaTauri,ffffff,alphatauri,Pierre,Gasly,Pierre Gasly,https://www.formula1.com/content/dam/fom-website/drivers/P/PIEGAS01_Pierre_Gasly/piegas01.png.transform/1col/image.png,,7.0,7,12.0,,,,0 days 00:00:16.682000,Finished,6.0,71.0
31,E OCON,OCO,ocon,Renault,FFF500,renault,Esteban,Ocon,Esteban Ocon,https://www.formula1.com/content/dam/fom-website/drivers/E/ESTOCO01_Esteban_Ocon/estoco01.png.transform/1col/image.png,,8.0,8,14.0,,,,0 days 00:00:17.456000,Finished,4.0,71.0
99,A GIOVINAZZI,GIO,giovinazzi,Alfa Romeo Racing,9B0000,alfa,Antonio,Giovinazzi,Antonio Giovinazzi,https://www.formula1.com/content/dam/fom-website/drivers/A/ANTGIO01_Antonio_Giovinazzi/antgio01.png.transform/1col/image.png,,9.0,9,18.0,,,,0 days 00:00:21.146000,Finished,2.0,71.0
5,S VETTEL,VET,vettel,Ferrari,DC0000,ferrari,Sebastian,Vettel,Sebastian Vettel,https://www.formula1.com/content/dam/fom-website/drivers/S/SEBVET01_Sebastian_Vettel/sebvet01.png.transform/1col/image.png,,10.0,10,11.0,,,,0 days 00:00:24.545000,Finished,1.0,71.0
6,N LATIFI,LAT,latifi,Williams,0082fa,williams,Nicholas,Latifi,Nicholas Latifi,https://www.formula1.com/content/dam/fom-website/drivers/N/NICLAF01_Nicholas_Latifi/niclaf01.png.transform/1col/image.png,,11.0,11,20.0,,,,0 days 00:00:31.650000,Finished,0.0,71.0
26,D KVYAT,KVY,kvyat,AlphaTauri,ffffff,alphatauri,Daniil,Kvyat,Daniil Kvyat,https://www.formula1.com/content/dam/fom-website/drivers/D/DANKVY01_Daniil_Kvyat/dankvy01.png.transform/1col/image.png,,12.0,12,13.0,,,,,Suspension,0.0,69.0
23,A ALBON,ALB,albon,Red Bull Racing,1E41FF,red_bull,Alexander,Albon,Alexander Albon,https://www.formula1.com/content/dam/fom-website/drivers/A/ALEALB01_Alexander_Albon/alealb01.png.transform/1col/image.png,,13.0,13,4.0,,,,,Electronics,0.0,67.0
7,K RAIKKONEN,RAI,raikkonen,Alfa Romeo Racing,9B0000,alfa,Kimi,Räikkönen,Kimi Räikkönen,https://www.formula1.com/content/dam/fom-website/drivers/K/KIMRAI01_Kimi_R%C3%A4ikk%C3%B6nen/kimrai01.png.transform/1col/image.png,,14.0,R,19.0,,,,,Wheel,0.0,53.0
63,G RUSSELL,RUS,russell,Williams,0082fa,williams,George,Russell,George Russell,https://www.formula1.com/content/dam/fom-website/drivers/G/GEORUS01_George_Russell/georus01.png.transform/1col/image.png,,15.0,R,17.0,,,,,Fuel pressure,0.0,49.0
8,R GROSJEAN,GRO,grosjean,Haas F1 Team,787878,haas,Romain,Grosjean,Romain Grosjean,https://www.formula1.com/content/dam/fom-website/drivers/R/ROMGRO01_Romain_Grosjean/romgro01.png.transform/1col/image.png,,16.0,R,15.0,,,,,Brakes,0.0,49.0
20,K MAGNUSSEN,MAG,kevin_magnussen,Haas F1 Team,787878,haas,Kevin,Magnussen,Kevin Magnussen,https://www.formula1.com/content/dam/fom-website/drivers/K/KEVMAG01_Kevin_Magnussen/kevmag01.png.transform/1col/image.png,,17.0,R,16.0,,,,,Brakes,0.0,24.0
18,L STROLL,STR,stroll,Racing Point,F596C8,racing_point,Lance,Stroll,Lance Stroll,https://www.formula1.com/content/dam/fom-website/drivers/L/LANSTR01_Lance_Stroll/lanstr01.png.transform/1col/image.png,,18.0,R,9.0,,,,,Engine,0.0,20.0
3,D RICCIARDO,RIC,ricciardo,Renault,FFF500,renault,Daniel,Ricciardo,Daniel Ricciardo,https://www.formula1.com/content/dam/fom-website/drivers/D/DANRIC01_Daniel_Ricciardo/danric01.png.transform/1col/image.png,,19.0,R,10.0,,,,,Overheating,0.0,17.0
33,M VERSTAPPEN,VER,max_verstappen,Red Bull Racing,1E41FF,red_bull,Max,Verstappen,Max Verstappen,https://www.formula1.com/content/dam/fom-website/drivers/M/MAXVER01_Max_Verstappen/maxver01.png.transform/1col/image.png,,20.0,R,2.0,,,,,Electronics,0.0,11.0
