Time,AirTemp,Humidity,Pressure,Rainfall,TrackTemp,WindDirection,WindSpeed
0 days 00:00:21.484000,18.7,56.2,1024.6,False,32.9,96,2.2
0 days 00:01:21.488000,18.7,56.5,1024.5,False,32.6,73,1.1
0 days 00:02:21.495000,18.7,57.5,1024.6,False,33.2,58,0.7
0 days 00:03:21.490000,18.6,58.4,1024.6,False,32.5,76,0.8
0 days 00:04:21.497000,18.5,57.8,1024.6,False,32.0,77,2.3
0 days 00:05:21.480000,18.4,57.2,1024.7,False,31.0,353,1.9
0 days 00:06:21.480000,18.2,60.3,1024.7,False,30.4,56,2.7
0 days 00:07:21.485000,18.0,63.5,1024.6,True,28.9,45,3.1
0 days 00:08:21.491000,17.9,66.4,1024.6,True,28.8,64,1.2
0 days 00:09:21.495000,17.7,68.7,1024.5,True,27.3,92,1.8
0 days 00:10:21.486000,17.5,69.5,1024.7,True,27.3,48,1.7
0 days 00:11:21.497000,17.3,70.6,1024.6,True,26.8,58,2.0
0 days 00:12:21.496000,17.1,71.8,1024.7,True,27.0,43,2.9
0 days 00:13:21.504000,16.9,71.1,1024.7,True,26.3,58,2.5
0 days 00:14:21.496000,16.8,71.9,1024.7,True,26.9,95,0.8
0 days 00:15:21.503000,16.7,72.1,1024.7,True,26.4,37,2.0
0 days 00:16:21.500000,16.7,72.4,1024.7,False,26.3,17,2.4
0 days 00:17:21.517000,16.8,72.4,1024.7,False,26.8,354,0.9
0 days 00:18:21.509000,16.8,72.9,1024.7,False,27.0,56,1.1
0 days 00:19:21.505000,16.7,72.8,1024.7,True,27.2,83,1.8
0 days 00:20:21.508000,16.8,72.6,1024.8,True,26.6,57,1.2
0 days 00:21:21.497000,16.8,71.6,1024.7,True,26.7,13,2.4
0 days 00:22:21.507000,16.8,71.3,1024.8,False,26.5,47,2.4
0 days 00:23:21.542000,16.8,69.9,1024.8,True,26.6,47,2.2
0 days 00:24:21.509000,16.8,71.3,1024.8,True,26.8,45,1.5
0 days 00:25:21.494000,16.7,71.2,1024.7,True,26.4,46,1.2
0 days 00:26:21.509000,16.7,72.2,1024.8,True,26.0,33,1.7
0 days 00:27:21.508000,16.7,72.4,1024.8,True,26.0,38,3.0
0 days 00:28:21.509000,16.7,72.7,1024.8,True,25.8,40,1.9
0 days 00:29:21.508000,16.6,72.9,1024.8,True,25.9,52,1.5
0 days 00:30:21.502000,16.6,72.3,1024.8,False,26.4,29,1.3
0 days 00:31:21.506000,16.7,73.1,1024.7,False,26.0,44,1.8
0 days 00:32:21.513000,16.6,72.4,1024.7,False,26.1,46,0.9
0 days 00:33:21.518000,16.6,73.3,1024.7,False,26.3,33,1.4
0 days 00:34:21.516000,16.7,72.9,1024.8,False,26.5,0,0.0
0 days 00:35:21.505000,16.8,72.8,1024.8,False,26.9,42,0.6
0 days 00:36:21.511000,16.8,72.6,1024.7,False,27.0,76,0.8
0 days 00:37:21.515000,16.9,71.5,1024.6,False,27.6,39,0.6
0 days 00:38:21.519000,16.9,71.5,1024.7,False,27.9,13,1.5
0 days 00:39:21.516000,17.0,70.5,1024.7,False,27.7,49,1.4
0 days 00:40:21.528000,17.1,70.2,1024.7,False,27.5,23,2.9
0 days 00:41:21.531000,17.2,68.8,1024.8,False,27.6,38,1.6
0 days 00:42:21.547000,17.2,67.4,1024.6,False,28.1,47,1.5
0 days 00:43:21.566000,17.3,68.3,1024.7,False,28.3,346,0.8
0 days 00:44:21.571000,17.4,67.9,1024.7,False,28.8,25,1.2
0 days 00:45:21.566000,17.5,67.3,1024.7,False,29.1,43,2.0
0 days 00:46:21.562000,17.5,65.9,1024.8,False,29.3,49,2.2
0 days 00:47:21.582000,17.6,64.8,1024.7,False,29.6,80,1.2
0 days 00:48:21.608000,17.7,64.9,1024.7,False,29.7,15,0.9
0 days 00:49:21.613000,17.7,64.0,1024.8,False,30.2,127,0.7
0 days 00:50:21.623000,17.8,63.7,1024.8,False,30.3,0,0.0
0 days 00:51:21.648000,17.9,62.8,1024.7,False,30.1,62,2.3
0 days 00:52:21.655000,17.9,61.1,1024.7,False,30.3,70,1.6
0 days 00:53:21.654000,17.8,62.1,1024.7,False,30.5,14,1.3
0 days 00:54:21.653000,17.9,62.5,1024.7,False,30.4,83,0.9
0 days 00:55:21.656000,17.9,61.0,1024.6,False,30.5,58,0.8
0 days 00:56:21.655000,17.9,61.9,1024.7,False,30.9,40,1.7
0 days 00:57:21.692000,18.0,61.3,1024.6,False,30.9,56,1.0
0 days 00:58:21.663000,18.0,61.1,1024.6,False,30.6,92,2.0
0 days 00:59:21.666000,18.0,60.2,1024.7,False,30.8,335,0.5
0 days 01:00:21.648000,18.1,60.5,1024.6,False,32.5,130,1.1
0 days 01:01:21.647000,18.2,60.5,1024.6,False,32.5,130,1.1
0 days 01:02:21.650000,18.2,59.2,1024.6,False,32.6,67,0.9
0 days 01:03:21.648000,18.3,59.2,1024.6,False,32.6,67,0.9
0 days 01:04:21.653000,18.4,59.3,1024.6,False,32.7,95,1.5
0 days 01:05:21.667000,18.5,59.9,1024.6,False,32.5,93,0.8
0 days 01:06:21.674000,18.7,58.3,1024.6,False,32.1,5,1.3
0 days 01:07:21.664000,18.7,58.3,1024.6,False,33.3,58,1.8
0 days 01:08:21.663000,18.8,58.3,1024.6,False,33.3,58,1.8
0 days 01:09:21.664000,18.9,57.0,1024.6,False,33.9,18,1.4
0 days 01:10:21.649000,18.8,57.3,1024.6,False,34.8,13,1.8
0 days 01:11:21.732000,18.8,57.0,1024.6,False,35.5,0,0.0
0 days 01:12:21.665000,18.9,56.4,1024.7,True,35.3,338,0.6
0 days 01:13:21.670000,19.1,56.9,1024.6,False,35.3,60,1.5
0 days 01:14:21.670000,19.0,56.5,1024.6,False,34.4,90,1.4
0 days 01:15:21.664000,19.0,55.9,1024.6,False,34.0,99,1.2
0 days 01:16:21.664000,18.9,54.8,1024.5,False,32.0,45,0.5
0 days 01:17:21.657000,18.9,54.8,1024.5,False,32.0,45,0.5
0 days 01:18:21.686000,18.8,55.5,1024.5,False,33.0,74,1.0
0 days 01:19:21.665000,18.7,56.5,1024.6,False,32.6,86,1.7
0 days 01:20:21.671000,18.8,55.9,1024.5,False,32.3,69,1.0
0 days 01:21:21.678000,18.6,57.0,1024.6,False,32.8,93,0.9
0 days 01:22:21.693000,18.5,58.0,1024.6,False,32.0,103,2.4
0 days 01:23:21.715000,18.6,57.2,1024.6,False,31.3,153,1.4
0 days 01:24:21.721000,18.5,58.0,1024.6,False,33.2,108,0.6
0 days 01:25:21.717000,18.5,59.2,1024.6,False,33.4,73,1.4
0 days 01:26:21.718000,18.4,58.6,1024.6,False,34.3,130,0.8
0 days 01:27:21.731000,18.4,58.2,1024.7,True,35.0,109,0.9
0 days 01:28:21.724000,18.4,58.2,1024.7,True,35.0,109,0.9
0 days 01:29:21.727000,18.6,57.5,1024.5,False,35.1,0,0.0
0 days 01:30:21.736000,18.7,57.3,1024.6,True,34.5,155,0.3
0 days 01:31:21.744000,18.8,57.5,1024.5,False,34.7,75,1.1
0 days 01:32:21.734000,18.8,58.0,1024.6,False,34.8,225,0.4
0 days 01:33:21.751000,18.8,58.1,1024.5,False,35.2,105,2.1
0 days 01:34:21.767000,18.8,58.2,1024.6,False,34.7,60,2.0
0 days 01:35:21.767000,18.9,58.4,1024.5,True,35.1,59,1.0
0 days 01:36:21.789000,18.9,57.9,1024.5,False,35.5,102,1.3
0 days 01:37:21.768000,18.9,57.8,1024.6,False,35.9,204,0.4
0 days 01:38:21.792000,19.0,58.1,1024.6,False,35.4,24,0.6
0 days 01:39:21.803000,19.1,58.1,1024.6,False,35.9,253,0.5
0 days 01:40:21.811000,19.2,57.6,1024.6,False,35.0,92,1.7
0 days 01:41:21.802000,19.2,57.5,1024.7,False,35.3,312,0.6
0 days 01:42:21.815000,19.3,57.1,1024.6,False,34.7,214,1.3
0 days 01:43:21.819000,19.2,58.4,1024.6,False,35.4,193,2.3
0 days 01:44:21.819000,19.1,58.5,1024.6,False,34.9,306,0.6
0 days 01:45:21.818000,19.1,59.5,1024.5,False,33.7,283,0.8
0 days 01:46:21.820000,19.2,58.4,1024.6,False,34.8,50,0.9
0 days 01:47:21.821000,19.3,58.5,1024.6,False,35.2,94,1.5
0 days 01:48:21.834000,19.2,58.6,1024.6,False,36.1,116,1.3
0 days 01:49:21.855000,19.2,58.6,1024.5,False,36.3,20,0.7
0 days 01:50:21.869000,19.3,58.0,1024.5,False,37.1,194,0.8
0 days 01:51:21.869000,19.5,58.1,1024.5,True,37.3,46,1.1
0 days 01:52:21.901000,19.5,56.9,1024.6,True,37.8,35,2.4
0 days 01:53:21.912000,19.5,55.6,1024.6,False,38.0,13,0.7
0 days 01:54:21.916000,19.5,56.3,1024.5,False,38.2,101,0.9
0 days 01:55:21.937000,19.5,58.4,1024.6,False,37.4,158,2.3
0 days 01:56:21.932000,19.4,58.0,1024.6,False,36.8,142,1.9
0 days 01:57:21.932000,19.3,58.8,1024.5,True,35.7,343,1.2
0 days 01:58:21.939000,19.3,57.1,1024.5,False,36.1,177,0.9
0 days 01:59:21.941000,19.2,57.8,1024.4,False,34.6,53,1.4
0 days 02:00:21.956000,19.1,56.1,1024.5,True,34.3,71,1.5
0 days 02:01:21.955000,19.2,55.1,1024.5,False,33.3,106,2.0
0 days 02:02:21.944000,19.1,54.5,1024.5,False,33.6,36,1.6
0 days 02:03:21.960000,19.2,54.8,1024.5,False,33.0,31,2.8
0 days 02:04:21.956000,19.1,54.0,1024.5,False,32.3,52,1.1
0 days 02:05:21.961000,19.0,55.3,1024.4,True,32.0,54,1.2
0 days 02:06:21.957000,18.9,54.8,1024.6,False,31.1,344,1.8
0 days 02:07:21.955000,18.9,55.3,1024.4,False,31.8,14,1.1
0 days 02:08:21.949000,18.9,55.4,1024.5,False,31.2,53,1.4
0 days 02:09:21.988000,18.9,56.5,1024.6,False,31.2,42,2.7
0 days 02:10:21.978000,18.9,56.6,1024.4,False,30.8,17,3.1
0 days 02:11:21.977000,18.9,55.9,1024.5,False,30.7,103,3.2
0 days 02:12:21.971000,18.8,56.3,1024.4,True,31.1,57,1.8
0 days 02:13:22,18.8,56.8,1024.5,True,30.5,75,1.0
0 days 02:14:21.998000,18.9,56.7,1024.5,False,30.9,44,2.4
0 days 02:15:21.997000,19.0,55.8,1024.6,False,32.0,45,2.4
0 days 02:16:22.006000,19.0,55.8,1024.5,False,33.0,58,1.7
0 days 02:17:22.008000,19.0,55.4,1024.5,False,31.6,10,1.8
0 days 02:18:22.008000,19.0,55.2,1024.4,False,32.2,81,2.0
0 days 02:19:22.018000,19.2,55.7,1024.5,False,32.3,29,0.8
0 days 02:20:22.010000,19.1,55.5,1024.5,False,33.0,86,1.3
0 days 02:21:22.030000,19.0,55.7,1024.5,False,33.4,0,0.0
0 days 02:22:22.025000,19.0,56.6,1024.5,False,33.4,40,2.0
0 days 02:23:22.038000,19.1,56.8,1024.5,False,32.9,82,1.2
0 days 02:24:22.059000,19.2,56.3,1024.5,False,33.5,31,2.2
0 days 02:25:22.074000,19.1,56.9,1024.4,False,34.8,19,0.4
0 days 02:26:22.095000,19.2,56.3,1024.6,False,33.7,101,0.8
0 days 02:27:22.123000,19.2,55.4,1024.5,False,34.3,309,1.7
0 days 02:28:22.095000,19.2,55.4,1024.6,False,34.7,16,1.0
0 days 02:29:22.100000,19.2,54.7,1024.6,False,34.8,44,0.8
0 days 02:30:22.099000,19.4,54.3,1024.5,False,33.9,85,1.8
0 days 02:31:22.109000,19.4,53.6,1024.6,False,34.3,29,1.6
0 days 02:32:22.110000,19.4,53.9,1024.6,False,34.4,356,1.2
0 days 02:33:22.090000,19.4,53.8,1024.7,True,34.5,25,2.0
0 days 02:34:22.105000,19.4,53.2,1024.5,False,34.7,29,3.2
0 days 02:35:22.100000,19.5,53.8,1024.6,False,34.7,56,2.0
0 days 02:36:22.097000,19.5,53.4,1024.6,False,34.5,42,2.0
0 days 02:37:22.099000,19.3,53.2,1024.4,False,34.4,34,2.0
0 days 02:38:22.107000,19.3,55.0,1024.6,False,33.9,56,2.9
0 days 02:39:22.100000,19.3,54.1,1024.5,False,34.0,72,2.2
0 days 02:40:22.111000,19.3,55.1,1024.5,False,33.9,85,1.1
0 days 02:41:22.106000,19.3,54.9,1024.4,False,33.6,15,1.4
0 days 02:42:22.113000,19.3,55.6,1024.4,False,33.6,11,2.5
0 days 02:43:22.137000,19.3,55.5,1024.5,False,34.3,18,3.4
0 days 02:44:22.183000,19.4,53.7,1024.6,False,34.3,30,1.6
0 days 02:45:22.161000,19.4,53.7,1024.5,False,33.7,56,1.4
0 days 02:46:22.157000,19.4,53.1,1024.5,False,34.3,55,1.5
0 days 02:47:22.151000,19.4,52.8,1024.5,False,34.1,56,1.8
0 days 02:48:22.166000,19.3,52.3,1024.5,False,34.2,61,1.6
0 days 02:49:22.146000,19.3,53.5,1024.5,False,34.3,59,2.9
0 days 02:50:22.165000,19.3,54.6,1024.5,False,32.2,73,1.9
0 days 02:51:22.181000,19.4,54.6,1024.5,False,32.2,73,1.9
0 days 02:52:22.201000,19.5,55.1,1024.6,False,33.2,73,1.3
0 days 02:53:22.185000,19.5,54.3,1024.6,False,32.2,54,0.6
0 days 02:54:22.198000,19.3,54.2,1024.5,False,32.8,8,2.0
0 days 02:55:22.224000,19.3,53.0,1024.4,False,32.2,60,1.8
0 days 02:56:22.204000,19.3,53.1,1024.5,False,31.0,58,1.2
0 days 02:57:22.211000,19.2,53.7,1024.7,False,30.4,177,0.5
0 days 02:58:22.218000,19.0,54.3,1024.5,False,31.1,30,0.8
0 days 02:59:22.246000,19.0,54.1,1024.6,False,32.2,24,2.8
0 days 03:00:22.246000,18.9,54.4,1024.5,False,32.8,10,1.2
0 days 03:01:22.253000,18.9,54.9,1024.6,False,33.0,84,1.8
0 days 03:02:22.255000,19.0,54.5,1024.5,False,33.6,71,2.2
0 days 03:03:22.251000,19.1,54.2,1024.6,False,34.3,72,1.3
0 days 03:04:22.250000,19.2,54.4,1024.6,False,34.8,29,3.5
0 days 03:05:22.253000,19.2,57.4,1024.5,False,35.2,51,3.8
0 days 03:06:22.244000,19.2,58.6,1024.5,False,34.7,32,2.9
0 days 03:07:22.249000,19.3,58.8,1024.5,False,34.8,31,2.0
0 days 03:08:22.241000,19.2,58.8,1024.5,False,34.8,63,1.6
0 days 03:09:22.257000,19.3,59.3,1024.6,False,34.0,57,3.5
0 days 03:10:22.245000,19.2,58.7,1024.5,False,32.8,43,3.4
